date,city,province,country,lat,long,confirmed,recovered,unspecified,hospitalized,discharged,dead,daily_diff_confirm,daily_diff_recover,daily_diff_dead,source
2020-01-15,NA,kanagawa,japan,35.4913535,139.284143,1,1,0,0,0,0,NA,NA,NA,https://docs.google.com/spreadsheets/d/1jfB4muWkzKTR0daklmf8D5F0Uf_IYAgcx_-Ij9McClQ/edit#gid=0
2020-01-16,NA,NA,japan,36.204824,138.252924,1,0,1,0,0,0,0,-1,0,https://docs.google.com/spreadsheets/d/1jfB4muWkzKTR0daklmf8D5F0Uf_IYAgcx_-Ij9McClQ/edit#gid=0
2020-01-17,NA,NA,japan,36.204824,138.252924,1,0,1,0,0,0,0,0,0,https://docs.google.com/spreadsheets/d/1jfB4muWkzKTR0daklmf8D5F0Uf_IYAgcx_-Ij9McClQ/edit#gid=0
2020-01-18,NA,NA,japan,36.204824,138.252924,1,0,1,0,0,0,0,0,0,https://docs.google.com/spreadsheets/d/1jfB4muWkzKTR0daklmf8D5F0Uf_IYAgcx_-Ij9McClQ/edit#gid=0
2020-01-19,NA,NA,japan,36.204824,138.252924,1,0,1,0,0,0,0,0,0,https://docs.google.com/spreadsheets/d/1jfB4muWkzKTR0daklmf8D5F0Uf_IYAgcx_-Ij9McClQ/edit#gid=0
2020-01-20,NA,NA,japan,36.204824,138.252924,1,0,1,0,0,0,0,0,0,https://docs.google.com/spreadsheets/d/1jfB4muWkzKTR0daklmf8D5F0Uf_IYAgcx_-Ij9McClQ/edit#gid=0
2020-01-21,NA,NA,japan,36.204824,138.252924,1,0,1,0,0,0,0,0,0,https://docs.google.com/spreadsheets/d/1jfB4muWkzKTR0daklmf8D5F0Uf_IYAgcx_-Ij9McClQ/edit#gid=0
2020-01-22,NA,NA,japan,36.204824,138.252924,1,0,1,0,0,0,0,0,0,https://docs.google.com/spreadsheets/d/1jfB4muWkzKTR0daklmf8D5F0Uf_IYAgcx_-Ij9McClQ/edit#gid=0
2020-01-23,NA,NA,japan,36.204824,138.252924,1,0,1,0,0,0,0,0,0,https://docs.google.com/spreadsheets/d/1jfB4muWkzKTR0daklmf8D5F0Uf_IYAgcx_-Ij9McClQ/edit#gid=0
2020-01-24,NA,tokyo,japan,35.6761919,139.6503106,1,1,0,0,0,0,0,1,0,https://docs.google.com/spreadsheets/d/1jfB4muWkzKTR0daklmf8D5F0Uf_IYAgcx_-Ij9McClQ/edit#gid=0
2020-01-25,NA,tokyo,japan,35.6761919,139.6503106,1,1,0,0,0,0,0,0,0,https://docs.google.com/spreadsheets/d/1jfB4muWkzKTR0daklmf8D5F0Uf_IYAgcx_-Ij9McClQ/edit#gid=0
2020-01-26,NA,aichi,japan,35.0182505,137.2923893,1,0,1,0,0,0,0,-1,0,https://docs.google.com/spreadsheets/d/1jfB4muWkzKTR0daklmf8D5F0Uf_IYAgcx_-Ij9McClQ/edit#gid=0
2020-01-27,NA,NA,japan,36.204824,138.252924,1,0,1,0,0,0,0,0,0,https://docs.google.com/spreadsheets/d/1jfB4muWkzKTR0daklmf8D5F0Uf_IYAgcx_-Ij9McClQ/edit#gid=0
2020-01-28,NA,aichi,japan,35.0182505,137.2923893,1,0,0,1,0,0,0,0,0,https://docs.google.com/spreadsheets/d/1jfB4muWkzKTR0daklmf8D5F0Uf_IYAgcx_-Ij9McClQ/edit#gid=0
2020-01-28,NA,hokkaido,japan,43.2203266,142.8634737,1,0,0,0,1,0,0,0,0,https://docs.google.com/spreadsheets/d/1jfB4muWkzKTR0daklmf8D5F0Uf_IYAgcx_-Ij9McClQ/edit#gid=0
2020-01-28,NA,nara,japan,NA,NA,1,0,1,0,0,0,0,0,0,https://docs.google.com/spreadsheets/d/1jfB4muWkzKTR0daklmf8D5F0Uf_IYAgcx_-Ij9McClQ/edit#gid=0
2020-01-29,NA,osaka,japan,34.6937249,135.5022535,1,0,0,1,0,0,0,0,0,https://docs.google.com/spreadsheets/d/1jfB4muWkzKTR0daklmf8D5F0Uf_IYAgcx_-Ij9McClQ/edit#gid=0
2020-01-30,kyoto-shi,kyoto,japan,35.011564,135.7681489,1,0,0,0,1,0,0,0,0,https://docs.google.com/spreadsheets/d/1jfB4muWkzKTR0daklmf8D5F0Uf_IYAgcx_-Ij9McClQ/edit#gid=0
2020-01-30,NA,mie,japan,NA,NA,1,1,0,0,0,0,0,1,0,https://docs.google.com/spreadsheets/d/1jfB4muWkzKTR0daklmf8D5F0Uf_IYAgcx_-Ij9McClQ/edit#gid=0
2020-01-30,NA,tokyo,japan,35.6761919,139.6503106,1,1,0,0,0,0,0,0,0,https://docs.google.com/spreadsheets/d/1jfB4muWkzKTR0daklmf8D5F0Uf_IYAgcx_-Ij9McClQ/edit#gid=0
2020-01-30,NA,NA,japan,36.204824,138.252924,1,0,0,0,1,0,0,-1,0,https://docs.google.com/spreadsheets/d/1jfB4muWkzKTR0daklmf8D5F0Uf_IYAgcx_-Ij9McClQ/edit#gid=0
2020-01-31,chibashi,chiba,japan,NA,NA,1,0,0,0,1,0,0,0,0,https://docs.google.com/spreadsheets/d/1jfB4muWkzKTR0daklmf8D5F0Uf_IYAgcx_-Ij9McClQ/edit#gid=0
2020-02-01,NA,NA,japan,36.204824,138.252924,3,0,0,0,3,0,2,0,0,https://docs.google.com/spreadsheets/d/1jfB4muWkzKTR0daklmf8D5F0Uf_IYAgcx_-Ij9McClQ/edit#gid=0
2020-02-02,NA,NA,japan,36.204824,138.252924,1,0,1,0,0,0,-2,0,0,https://docs.google.com/spreadsheets/d/1jfB4muWkzKTR0daklmf8D5F0Uf_IYAgcx_-Ij9McClQ/edit#gid=0
2020-02-03,NA,NA,japan,36.204824,138.252924,1,0,1,0,0,0,0,0,0,https://docs.google.com/spreadsheets/d/1jfB4muWkzKTR0daklmf8D5F0Uf_IYAgcx_-Ij9McClQ/edit#gid=0
2020-02-04,NA,chiba,japan,35.6074041,140.1065366,1,0,0,1,0,0,0,0,0,https://docs.google.com/spreadsheets/d/1jfB4muWkzKTR0daklmf8D5F0Uf_IYAgcx_-Ij9McClQ/edit#gid=0
2020-02-04,NA,tokyo,japan,35.6761919,139.6503106,1,0,0,0,1,0,0,0,0,https://docs.google.com/spreadsheets/d/1jfB4muWkzKTR0daklmf8D5F0Uf_IYAgcx_-Ij9McClQ/edit#gid=0
2020-02-04,NA,NA,japan,36.204824,138.252924,1,0,0,0,1,0,0,0,0,https://docs.google.com/spreadsheets/d/1jfB4muWkzKTR0daklmf8D5F0Uf_IYAgcx_-Ij9McClQ/edit#gid=0
2020-02-05,kyoto-shi,kyoto,japan,35.011564,135.7681489,1,0,0,0,1,0,0,0,0,https://docs.google.com/spreadsheets/d/1jfB4muWkzKTR0daklmf8D5F0Uf_IYAgcx_-Ij9McClQ/edit#gid=0
2020-02-05,NA,chiba,japan,35.6074041,140.1065366,1,0,0,1,0,0,0,0,0,https://docs.google.com/spreadsheets/d/1jfB4muWkzKTR0daklmf8D5F0Uf_IYAgcx_-Ij9McClQ/edit#gid=0
2020-02-05,NA,NA,japan,36.204824,138.252924,1,0,0,0,1,0,0,0,0,https://docs.google.com/spreadsheets/d/1jfB4muWkzKTR0daklmf8D5F0Uf_IYAgcx_-Ij9McClQ/edit#gid=0
2020-02-06,NA,NA,japan,36.204824,138.252924,1,0,1,0,0,0,0,0,0,https://docs.google.com/spreadsheets/d/1jfB4muWkzKTR0daklmf8D5F0Uf_IYAgcx_-Ij9McClQ/edit#gid=0
2020-02-07,NA,NA,japan,36.204824,138.252924,1,0,1,0,0,0,0,0,0,https://docs.google.com/spreadsheets/d/1jfB4muWkzKTR0daklmf8D5F0Uf_IYAgcx_-Ij9McClQ/edit#gid=0
2020-02-08,NA,NA,japan,36.204824,138.252924,1,0,0,1,0,0,0,0,0,https://docs.google.com/spreadsheets/d/1jfB4muWkzKTR0daklmf8D5F0Uf_IYAgcx_-Ij9McClQ/edit#gid=0
2020-02-09,NA,NA,japan,36.204824,138.252924,1,0,1,0,0,0,0,0,0,https://docs.google.com/spreadsheets/d/1jfB4muWkzKTR0daklmf8D5F0Uf_IYAgcx_-Ij9McClQ/edit#gid=0
2020-02-10,NA,NA,japan,36.204824,138.252924,2,0,1,1,0,0,1,0,0,https://docs.google.com/spreadsheets/d/1jfB4muWkzKTR0daklmf8D5F0Uf_IYAgcx_-Ij9McClQ/edit#gid=0
2020-02-11,NA,NA,japan,36.204824,138.252924,1,0,1,0,0,0,-1,0,0,https://docs.google.com/spreadsheets/d/1jfB4muWkzKTR0daklmf8D5F0Uf_IYAgcx_-Ij9McClQ/edit#gid=0
2020-02-12,NA,tokyo,japan,35.6761919,139.6503106,1,0,1,0,0,0,0,0,0,https://docs.google.com/spreadsheets/d/1jfB4muWkzKTR0daklmf8D5F0Uf_IYAgcx_-Ij9McClQ/edit#gid=0
2020-02-13,ichikawa,chiba,japan,35.7135721,139.9279808,1,0,1,0,0,0,0,0,0,https://docs.google.com/spreadsheets/d/1jfB4muWkzKTR0daklmf8D5F0Uf_IYAgcx_-Ij9McClQ/edit#gid=0
2020-02-13,tokyo,tokyo,japan,35.6803997,139.7690174,1,0,1,0,0,0,0,0,0,https://docs.google.com/spreadsheets/d/1jfB4muWkzKTR0daklmf8D5F0Uf_IYAgcx_-Ij9McClQ/edit#gid=0
2020-02-13,yuasa,wakayama,japan,34.0294274,135.1904792,1,1,0,0,0,0,0,1,0,https://docs.google.com/spreadsheets/d/1jfB4muWkzKTR0daklmf8D5F0Uf_IYAgcx_-Ij9McClQ/edit#gid=0
2020-02-13,NA,kanagawa,japan,35.4913535,139.284143,1,0,0,0,0,1,0,-1,1,https://docs.google.com/spreadsheets/d/1jfB4muWkzKTR0daklmf8D5F0Uf_IYAgcx_-Ij9McClQ/edit#gid=0
2020-02-14,kanagawa,kanagawa,japan,35.4913535,139.284143,1,0,0,1,0,0,0,0,-1,https://docs.google.com/spreadsheets/d/1jfB4muWkzKTR0daklmf8D5F0Uf_IYAgcx_-Ij9McClQ/edit#gid=0
2020-02-14,sapporo,hokkaido,japan,43.0617713,141.3544507,1,0,1,0,0,0,0,0,0,https://docs.google.com/spreadsheets/d/1jfB4muWkzKTR0daklmf8D5F0Uf_IYAgcx_-Ij9McClQ/edit#gid=0
2020-02-14,tokyo,tokyo,japan,35.6803997,139.7690174,2,0,2,0,0,0,1,0,0,https://docs.google.com/spreadsheets/d/1jfB4muWkzKTR0daklmf8D5F0Uf_IYAgcx_-Ij9McClQ/edit#gid=0
2020-02-14,yuasa,wakayama,japan,34.0294274,135.1904792,1,0,0,0,0,1,-1,0,1,https://docs.google.com/spreadsheets/d/1jfB4muWkzKTR0daklmf8D5F0Uf_IYAgcx_-Ij9McClQ/edit#gid=0
2020-02-14,NA,aichi,japan,35.0182505,137.2923893,1,0,1,0,0,0,0,0,-1,https://docs.google.com/spreadsheets/d/1jfB4muWkzKTR0daklmf8D5F0Uf_IYAgcx_-Ij9McClQ/edit#gid=0
2020-02-14,NA,okinawa,japan,26.1201911,127.7025012,1,1,0,0,0,0,0,1,0,https://docs.google.com/spreadsheets/d/1jfB4muWkzKTR0daklmf8D5F0Uf_IYAgcx_-Ij9McClQ/edit#gid=0
2020-02-15,nagoya,aichi,japan,35.18145060000001,136.9065571,1,0,1,0,0,0,0,-1,0,https://docs.google.com/spreadsheets/d/1jfB4muWkzKTR0daklmf8D5F0Uf_IYAgcx_-Ij9McClQ/edit#gid=0
2020-02-15,tokyo,tokyo,japan,35.6803997,139.7690174,2,0,2,0,0,0,1,0,0,https://docs.google.com/spreadsheets/d/1jfB4muWkzKTR0daklmf8D5F0Uf_IYAgcx_-Ij9McClQ/edit#gid=0
2020-02-15,yuasa,wakayama,japan,34.0294274,135.1904792,3,3,0,0,0,0,1,3,0,https://docs.google.com/spreadsheets/d/1jfB4muWkzKTR0daklmf8D5F0Uf_IYAgcx_-Ij9McClQ/edit#gid=0
2020-02-16,owari,aichi,japan,35.3039172,136.8029671,2,0,2,0,0,0,-1,-3,0,https://docs.google.com/spreadsheets/d/1jfB4muWkzKTR0daklmf8D5F0Uf_IYAgcx_-Ij9McClQ/edit#gid=0
2020-02-16,tokyo,tokyo,japan,35.6803997,139.7690174,3,0,3,0,0,0,1,0,0,https://docs.google.com/spreadsheets/d/1jfB4muWkzKTR0daklmf8D5F0Uf_IYAgcx_-Ij9McClQ/edit#gid=0
2020-02-17,wakayama,wakayama,japan,34.2303678,135.1707405,1,1,0,0,0,0,-2,1,0,https://docs.google.com/spreadsheets/d/1jfB4muWkzKTR0daklmf8D5F0Uf_IYAgcx_-Ij9McClQ/edit#gid=0
2020-02-17,yuasa,wakayama,japan,34.0294274,135.1904792,2,1,0,1,0,0,1,0,0,https://docs.google.com/spreadsheets/d/1jfB4muWkzKTR0daklmf8D5F0Uf_IYAgcx_-Ij9McClQ/edit#gid=0
2020-02-17,NA,kanagawa,japan,35.4913535,139.284143,1,0,0,1,0,0,-1,-1,0,https://docs.google.com/spreadsheets/d/1jfB4muWkzKTR0daklmf8D5F0Uf_IYAgcx_-Ij9McClQ/edit#gid=0
2020-02-17,NA,tokyo,japan,35.6761919,139.6503106,1,0,1,0,0,0,0,0,0,https://docs.google.com/spreadsheets/d/1jfB4muWkzKTR0daklmf8D5F0Uf_IYAgcx_-Ij9McClQ/edit#gid=0
2020-02-18,owari,aichi,japan,35.3039172,136.8029671,1,0,0,1,0,0,0,0,0,https://docs.google.com/spreadsheets/d/1jfB4muWkzKTR0daklmf8D5F0Uf_IYAgcx_-Ij9McClQ/edit#gid=0
2020-02-18,sagamihara,kanagawa,japan,35.5712568,139.373427,1,0,0,0,0,1,0,0,1,https://docs.google.com/spreadsheets/d/1jfB4muWkzKTR0daklmf8D5F0Uf_IYAgcx_-Ij9McClQ/edit#gid=0
2020-02-18,suginami,tokyo,japan,35.6994705,139.6355204,1,0,0,0,0,1,0,0,0,https://docs.google.com/spreadsheets/d/1jfB4muWkzKTR0daklmf8D5F0Uf_IYAgcx_-Ij9McClQ/edit#gid=0
2020-02-18,tokyo,tokyo,japan,35.6803997,139.7690174,1,0,1,0,0,0,0,0,-1,https://docs.google.com/spreadsheets/d/1jfB4muWkzKTR0daklmf8D5F0Uf_IYAgcx_-Ij9McClQ/edit#gid=0
2020-02-18,wakayama,wakayama,japan,34.2303678,135.1707405,1,0,0,1,0,0,0,0,0,https://docs.google.com/spreadsheets/d/1jfB4muWkzKTR0daklmf8D5F0Uf_IYAgcx_-Ij9McClQ/edit#gid=0
2020-02-18,yuasa,wakayama,japan,34.0294274,135.1904792,1,0,0,0,1,0,0,0,0,https://docs.google.com/spreadsheets/d/1jfB4muWkzKTR0daklmf8D5F0Uf_IYAgcx_-Ij9McClQ/edit#gid=0
2020-02-18,NA,tokyo,japan,35.6761919,139.6503106,1,0,1,0,0,0,0,0,0,https://docs.google.com/spreadsheets/d/1jfB4muWkzKTR0daklmf8D5F0Uf_IYAgcx_-Ij9McClQ/edit#gid=0
2020-02-18,NA,NA,japan,36.204824,138.252924,1,0,1,0,0,0,0,0,0,https://docs.google.com/spreadsheets/d/1jfB4muWkzKTR0daklmf8D5F0Uf_IYAgcx_-Ij9McClQ/edit#gid=0
2020-02-19,nagoya,aichi,japan,35.18145060000001,136.9065571,1,0,1,0,0,0,0,0,0,https://docs.google.com/spreadsheets/d/1jfB4muWkzKTR0daklmf8D5F0Uf_IYAgcx_-Ij9McClQ/edit#gid=0
2020-02-19,"nanae, oshima",hokkaido,japan,NA,NA,1,0,0,0,1,0,0,0,0,https://docs.google.com/spreadsheets/d/1jfB4muWkzKTR0daklmf8D5F0Uf_IYAgcx_-Ij9McClQ/edit#gid=0
2020-02-19,sagamihara,kanagawa,japan,35.5712568,139.373427,1,0,1,0,0,0,0,0,0,https://docs.google.com/spreadsheets/d/1jfB4muWkzKTR0daklmf8D5F0Uf_IYAgcx_-Ij9McClQ/edit#gid=0
2020-02-19,sapporo,hokkaido,japan,43.0617713,141.3544507,1,0,0,1,0,0,0,0,0,https://docs.google.com/spreadsheets/d/1jfB4muWkzKTR0daklmf8D5F0Uf_IYAgcx_-Ij9McClQ/edit#gid=0
2020-02-19,yokohama,kanagawa,japan,35.4436739,139.6379639,1,0,1,0,0,0,0,0,0,https://docs.google.com/spreadsheets/d/1jfB4muWkzKTR0daklmf8D5F0Uf_IYAgcx_-Ij9McClQ/edit#gid=0
2020-02-19,NA,okinawa,japan,26.1201911,127.7025012,1,0,0,1,0,0,0,0,0,https://docs.google.com/spreadsheets/d/1jfB4muWkzKTR0daklmf8D5F0Uf_IYAgcx_-Ij9McClQ/edit#gid=0
2020-02-19,NA,tokyo,japan,35.6761919,139.6503106,3,0,3,0,0,0,2,0,0,https://docs.google.com/spreadsheets/d/1jfB4muWkzKTR0daklmf8D5F0Uf_IYAgcx_-Ij9McClQ/edit#gid=0
2020-02-20,ichikawa,chiba,japan,35.7135721,139.9279808,1,0,0,1,0,0,-2,0,0,https://docs.google.com/spreadsheets/d/1jfB4muWkzKTR0daklmf8D5F0Uf_IYAgcx_-Ij9McClQ/edit#gid=0
2020-02-20,sapporo,hokkaido,japan,43.0617713,141.3544507,1,0,1,0,0,0,0,0,0,https://docs.google.com/spreadsheets/d/1jfB4muWkzKTR0daklmf8D5F0Uf_IYAgcx_-Ij9McClQ/edit#gid=0
2020-02-20,NA,fukuoka,japan,33.5901838,130.4016888,2,0,0,1,1,0,1,0,0,https://docs.google.com/spreadsheets/d/1jfB4muWkzKTR0daklmf8D5F0Uf_IYAgcx_-Ij9McClQ/edit#gid=0
2020-02-20,NA,kanagawa,japan,35.4913535,139.284143,1,0,0,1,0,0,-1,0,0,https://docs.google.com/spreadsheets/d/1jfB4muWkzKTR0daklmf8D5F0Uf_IYAgcx_-Ij9McClQ/edit#gid=0
2020-02-20,NA,saitama,japan,35.8616486,139.6454782,1,0,1,0,0,0,0,0,0,https://docs.google.com/spreadsheets/d/1jfB4muWkzKTR0daklmf8D5F0Uf_IYAgcx_-Ij9McClQ/edit#gid=0
2020-02-20,NA,tokyo,japan,35.6761919,139.6503106,1,0,1,0,0,0,0,0,0,https://docs.google.com/spreadsheets/d/1jfB4muWkzKTR0daklmf8D5F0Uf_IYAgcx_-Ij9McClQ/edit#gid=0
2020-02-21,chitose,hokkaido,japan,NA,NA,1,0,0,0,1,0,0,0,0,https://docs.google.com/spreadsheets/d/1jfB4muWkzKTR0daklmf8D5F0Uf_IYAgcx_-Ij9McClQ/edit#gid=0
2020-02-21,kashiwa,chiba,japan,NA,NA,1,0,1,0,0,0,0,0,0,https://docs.google.com/spreadsheets/d/1jfB4muWkzKTR0daklmf8D5F0Uf_IYAgcx_-Ij9McClQ/edit#gid=0
2020-02-21,kumamoto-shi,kumamoto,japan,32.8032164,130.7079369,1,0,0,1,0,0,0,0,0,https://docs.google.com/spreadsheets/d/1jfB4muWkzKTR0daklmf8D5F0Uf_IYAgcx_-Ij9McClQ/edit#gid=0
2020-02-21,nakafurano,hokkaido,japan,43.4057536,142.425137,2,0,0,0,2,0,1,0,0,https://docs.google.com/spreadsheets/d/1jfB4muWkzKTR0daklmf8D5F0Uf_IYAgcx_-Ij9McClQ/edit#gid=0
2020-02-21,sagamihara,kanagawa,japan,35.5712568,139.373427,1,0,0,0,0,1,-1,0,1,https://docs.google.com/spreadsheets/d/1jfB4muWkzKTR0daklmf8D5F0Uf_IYAgcx_-Ij9McClQ/edit#gid=0
2020-02-21,NA,aichi,japan,35.0182505,137.2923893,3,0,1,2,0,0,2,0,-1,https://docs.google.com/spreadsheets/d/1jfB4muWkzKTR0daklmf8D5F0Uf_IYAgcx_-Ij9McClQ/edit#gid=0
2020-02-21,NA,chiba,japan,35.6074041,140.1065366,1,0,1,0,0,0,-2,0,0,https://docs.google.com/spreadsheets/d/1jfB4muWkzKTR0daklmf8D5F0Uf_IYAgcx_-Ij9McClQ/edit#gid=0
2020-02-21,NA,ishikawa,japan,NA,NA,1,0,1,0,0,0,0,0,0,https://docs.google.com/spreadsheets/d/1jfB4muWkzKTR0daklmf8D5F0Uf_IYAgcx_-Ij9McClQ/edit#gid=0
2020-02-21,NA,saitama,japan,35.8616486,139.6454782,1,0,1,0,0,0,0,0,0,https://docs.google.com/spreadsheets/d/1jfB4muWkzKTR0daklmf8D5F0Uf_IYAgcx_-Ij9McClQ/edit#gid=0
2020-02-21,NA,tokyo,japan,35.6761919,139.6503106,3,0,2,1,0,0,2,0,0,https://docs.google.com/spreadsheets/d/1jfB4muWkzKTR0daklmf8D5F0Uf_IYAgcx_-Ij9McClQ/edit#gid=0
2020-02-21,NA,NA,japan,36.204824,138.252924,3,0,0,0,3,0,0,0,0,https://docs.google.com/spreadsheets/d/1jfB4muWkzKTR0daklmf8D5F0Uf_IYAgcx_-Ij9McClQ/edit#gid=0
2020-02-22,asahikawa,hokkaido,japan,43.7708833,142.3650083,1,0,0,1,0,0,-2,0,0,https://docs.google.com/spreadsheets/d/1jfB4muWkzKTR0daklmf8D5F0Uf_IYAgcx_-Ij9McClQ/edit#gid=0
2020-02-22,ebetsu,hokkaido,japan,NA,NA,1,0,1,0,0,0,0,0,0,https://docs.google.com/spreadsheets/d/1jfB4muWkzKTR0daklmf8D5F0Uf_IYAgcx_-Ij9McClQ/edit#gid=0
2020-02-22,hakodate,hokkaido,japan,41.7686961,140.7290599,2,0,2,0,0,0,1,0,0,https://docs.google.com/spreadsheets/d/1jfB4muWkzKTR0daklmf8D5F0Uf_IYAgcx_-Ij9McClQ/edit#gid=0
2020-02-22,iburi,hokkaido,japan,42.644732,141.604266,1,0,1,0,0,0,-1,0,0,https://docs.google.com/spreadsheets/d/1jfB4muWkzKTR0daklmf8D5F0Uf_IYAgcx_-Ij9McClQ/edit#gid=0
2020-02-22,ichikawa,chiba,japan,35.7135721,139.9279808,1,0,0,1,0,0,0,0,0,https://docs.google.com/spreadsheets/d/1jfB4muWkzKTR0daklmf8D5F0Uf_IYAgcx_-Ij9McClQ/edit#gid=0
2020-02-22,"kitami, okhotsk",hokkaido,japan,43.8039761,143.8957837,1,0,1,0,0,0,0,0,0,https://docs.google.com/spreadsheets/d/1jfB4muWkzKTR0daklmf8D5F0Uf_IYAgcx_-Ij9McClQ/edit#gid=0
2020-02-22,kumamoto-shi,kumamoto,japan,32.8032164,130.7079369,1,0,0,1,0,0,0,0,0,https://docs.google.com/spreadsheets/d/1jfB4muWkzKTR0daklmf8D5F0Uf_IYAgcx_-Ij9McClQ/edit#gid=0
2020-02-22,nagoya,aichi,japan,35.18145060000001,136.9065571,4,0,0,4,0,0,3,0,0,https://docs.google.com/spreadsheets/d/1jfB4muWkzKTR0daklmf8D5F0Uf_IYAgcx_-Ij9McClQ/edit#gid=0
2020-02-22,nemuro,hokkaido,japan,NA,NA,1,0,1,0,0,0,-3,0,0,https://docs.google.com/spreadsheets/d/1jfB4muWkzKTR0daklmf8D5F0Uf_IYAgcx_-Ij9McClQ/edit#gid=0
2020-02-22,sapporo,hokkaido,japan,43.0617713,141.3544507,1,0,0,0,1,0,0,0,0,https://docs.google.com/spreadsheets/d/1jfB4muWkzKTR0daklmf8D5F0Uf_IYAgcx_-Ij9McClQ/edit#gid=0
2020-02-22,"shiriuchi, oshima",hokkaido,japan,41.5982835,140.4188373,1,0,0,0,0,1,0,0,1,https://docs.google.com/spreadsheets/d/1jfB4muWkzKTR0daklmf8D5F0Uf_IYAgcx_-Ij9McClQ/edit#gid=0
2020-02-22,tokyo,tokyo,japan,35.6803997,139.7690174,1,0,0,1,0,0,0,0,-1,https://docs.google.com/spreadsheets/d/1jfB4muWkzKTR0daklmf8D5F0Uf_IYAgcx_-Ij9McClQ/edit#gid=0
2020-02-22,yuasa,wakayama,japan,34.0294274,135.1904792,1,1,0,0,0,0,0,1,0,https://docs.google.com/spreadsheets/d/1jfB4muWkzKTR0daklmf8D5F0Uf_IYAgcx_-Ij9McClQ/edit#gid=0
2020-02-22,NA,kanagawa,japan,35.4913535,139.284143,4,0,0,1,3,0,3,-1,0,https://docs.google.com/spreadsheets/d/1jfB4muWkzKTR0daklmf8D5F0Uf_IYAgcx_-Ij9McClQ/edit#gid=0
2020-02-22,NA,kumamoto,japan,NA,NA,1,0,0,1,0,0,-3,0,0,https://docs.google.com/spreadsheets/d/1jfB4muWkzKTR0daklmf8D5F0Uf_IYAgcx_-Ij9McClQ/edit#gid=0
2020-02-22,NA,okinawa,japan,26.1201911,127.7025012,1,0,0,1,0,0,0,0,0,https://docs.google.com/spreadsheets/d/1jfB4muWkzKTR0daklmf8D5F0Uf_IYAgcx_-Ij9McClQ/edit#gid=0
2020-02-22,NA,tochigi,japan,36.6714739,139.8547266,1,0,1,0,0,0,0,0,0,https://docs.google.com/spreadsheets/d/1jfB4muWkzKTR0daklmf8D5F0Uf_IYAgcx_-Ij9McClQ/edit#gid=0
2020-02-23,asahikawa,hokkaido,japan,43.7708833,142.3650083,2,0,2,0,0,0,1,0,0,https://docs.google.com/spreadsheets/d/1jfB4muWkzKTR0daklmf8D5F0Uf_IYAgcx_-Ij9McClQ/edit#gid=0
2020-02-23,biei,hokkaido,japan,NA,NA,1,0,1,0,0,0,-1,0,0,https://docs.google.com/spreadsheets/d/1jfB4muWkzKTR0daklmf8D5F0Uf_IYAgcx_-Ij9McClQ/edit#gid=0
2020-02-23,iburi,hokkaido,japan,42.644732,141.604266,2,0,2,0,0,0,1,0,0,https://docs.google.com/spreadsheets/d/1jfB4muWkzKTR0daklmf8D5F0Uf_IYAgcx_-Ij9McClQ/edit#gid=0
2020-02-23,ishikari,hokkaido,japan,43.1714217,141.3155371,1,0,0,1,0,0,-1,0,0,https://docs.google.com/spreadsheets/d/1jfB4muWkzKTR0daklmf8D5F0Uf_IYAgcx_-Ij9McClQ/edit#gid=0
2020-02-23,kamikawa,hokkaido,japan,43.8471582,142.7703824,1,0,0,0,0,1,0,0,1,https://docs.google.com/spreadsheets/d/1jfB4muWkzKTR0daklmf8D5F0Uf_IYAgcx_-Ij9McClQ/edit#gid=0
2020-02-23,kushiro,hokkaido,japan,42.9849413,144.3818041,1,0,1,0,0,0,0,0,-1,https://docs.google.com/spreadsheets/d/1jfB4muWkzKTR0daklmf8D5F0Uf_IYAgcx_-Ij9McClQ/edit#gid=0
2020-02-23,matsudo,chiba,japan,35.7876663,139.9033248,1,0,1,0,0,0,0,0,0,https://docs.google.com/spreadsheets/d/1jfB4muWkzKTR0daklmf8D5F0Uf_IYAgcx_-Ij9McClQ/edit#gid=0
2020-02-23,NA,aichi,japan,35.0182505,137.2923893,2,0,0,2,0,0,1,0,0,https://docs.google.com/spreadsheets/d/1jfB4muWkzKTR0daklmf8D5F0Uf_IYAgcx_-Ij9McClQ/edit#gid=0
2020-02-24,ishikari,hokkaido,japan,43.1714217,141.3155371,1,0,1,0,0,0,-1,0,0,https://docs.google.com/spreadsheets/d/1jfB4muWkzKTR0daklmf8D5F0Uf_IYAgcx_-Ij9McClQ/edit#gid=0
2020-02-24,kanazawa,ishikawa,japan,36.5610309,136.6566474,2,0,0,2,0,0,1,0,0,https://docs.google.com/spreadsheets/d/1jfB4muWkzKTR0daklmf8D5F0Uf_IYAgcx_-Ij9McClQ/edit#gid=0
2020-02-24,okhotsk,hokkaido,japan,43.2203266,142.8634737,1,0,1,0,0,0,-1,0,0,https://docs.google.com/spreadsheets/d/1jfB4muWkzKTR0daklmf8D5F0Uf_IYAgcx_-Ij9McClQ/edit#gid=0
2020-02-24,sapporo,hokkaido,japan,43.0617713,141.3544507,2,0,0,2,0,0,1,0,0,https://docs.google.com/spreadsheets/d/1jfB4muWkzKTR0daklmf8D5F0Uf_IYAgcx_-Ij9McClQ/edit#gid=0
2020-02-24,NA,kanagawa,japan,35.4913535,139.284143,1,0,0,1,0,0,-1,0,0,https://docs.google.com/spreadsheets/d/1jfB4muWkzKTR0daklmf8D5F0Uf_IYAgcx_-Ij9McClQ/edit#gid=0
2020-02-24,NA,tokyo,japan,35.6761919,139.6503106,5,0,0,5,0,0,4,0,0,https://docs.google.com/spreadsheets/d/1jfB4muWkzKTR0daklmf8D5F0Uf_IYAgcx_-Ij9McClQ/edit#gid=0
2020-02-25,aizumi,tokushima,japan,NA,NA,1,0,0,1,0,0,-4,0,0,https://docs.google.com/spreadsheets/d/1jfB4muWkzKTR0daklmf8D5F0Uf_IYAgcx_-Ij9McClQ/edit#gid=0
2020-02-25,asahikawa,hokkaido,japan,43.7708833,142.3650083,1,0,1,0,0,0,0,0,0,https://docs.google.com/spreadsheets/d/1jfB4muWkzKTR0daklmf8D5F0Uf_IYAgcx_-Ij9McClQ/edit#gid=0
2020-02-25,kumamoto,kumamoto,japan,32.8032164,130.7079369,1,0,0,1,0,0,0,0,0,https://docs.google.com/spreadsheets/d/1jfB4muWkzKTR0daklmf8D5F0Uf_IYAgcx_-Ij9McClQ/edit#gid=0
2020-02-25,kushiro,hokkaido,japan,42.9849413,144.3818041,1,0,0,0,0,1,0,0,1,https://docs.google.com/spreadsheets/d/1jfB4muWkzKTR0daklmf8D5F0Uf_IYAgcx_-Ij9McClQ/edit#gid=0
2020-02-25,nagano,nagano,japan,NA,NA,1,0,0,1,0,0,0,0,-1,https://docs.google.com/spreadsheets/d/1jfB4muWkzKTR0daklmf8D5F0Uf_IYAgcx_-Ij9McClQ/edit#gid=0
2020-02-25,nagoya,aichi,japan,35.18145060000001,136.9065571,3,0,0,3,0,0,2,0,0,https://docs.google.com/spreadsheets/d/1jfB4muWkzKTR0daklmf8D5F0Uf_IYAgcx_-Ij9McClQ/edit#gid=0
2020-02-25,okhotsk,hokkaido,japan,43.2203266,142.8634737,1,0,1,0,0,0,-2,0,0,https://docs.google.com/spreadsheets/d/1jfB4muWkzKTR0daklmf8D5F0Uf_IYAgcx_-Ij9McClQ/edit#gid=0
2020-02-25,sapporo,hokkaido,japan,43.0617713,141.3544507,1,0,1,0,0,0,0,0,0,https://docs.google.com/spreadsheets/d/1jfB4muWkzKTR0daklmf8D5F0Uf_IYAgcx_-Ij9McClQ/edit#gid=0
2020-02-25,NA,kumamoto,japan,NA,NA,1,0,1,0,0,0,0,0,0,https://docs.google.com/spreadsheets/d/1jfB4muWkzKTR0daklmf8D5F0Uf_IYAgcx_-Ij9McClQ/edit#gid=0
2020-02-26,atsugi,kanagawa,japan,NA,NA,1,0,1,0,0,0,0,0,0,https://docs.google.com/spreadsheets/d/1jfB4muWkzKTR0daklmf8D5F0Uf_IYAgcx_-Ij9McClQ/edit#gid=0
2020-02-26,"biei, kamikawa",hokkaido,japan,NA,NA,1,0,1,0,0,0,0,0,0,https://docs.google.com/spreadsheets/d/1jfB4muWkzKTR0daklmf8D5F0Uf_IYAgcx_-Ij9McClQ/edit#gid=0
2020-02-26,hakodate,hokkaido,japan,41.7686961,140.7290599,1,0,0,0,0,1,0,0,1,https://docs.google.com/spreadsheets/d/1jfB4muWkzKTR0daklmf8D5F0Uf_IYAgcx_-Ij9McClQ/edit#gid=0
2020-02-26,hidaka,hokkaido,japan,NA,NA,2,0,2,0,0,0,1,0,-1,https://docs.google.com/spreadsheets/d/1jfB4muWkzKTR0daklmf8D5F0Uf_IYAgcx_-Ij9McClQ/edit#gid=0
2020-02-26,ichikawa,chiba,japan,35.7135721,139.9279808,1,0,0,1,0,0,-1,0,0,https://docs.google.com/spreadsheets/d/1jfB4muWkzKTR0daklmf8D5F0Uf_IYAgcx_-Ij9McClQ/edit#gid=0
2020-02-26,isumishi,chiba,japan,35.2539324,140.3850494,1,0,0,1,0,0,0,0,0,https://docs.google.com/spreadsheets/d/1jfB4muWkzKTR0daklmf8D5F0Uf_IYAgcx_-Ij9McClQ/edit#gid=0
2020-02-26,kanazawa,ishikawa,japan,36.5610309,136.6566474,1,0,0,0,1,0,0,0,0,https://docs.google.com/spreadsheets/d/1jfB4muWkzKTR0daklmf8D5F0Uf_IYAgcx_-Ij9McClQ/edit#gid=0
2020-02-26,mstumoto,nagano,japan,NA,NA,1,0,0,0,1,0,0,0,0,https://docs.google.com/spreadsheets/d/1jfB4muWkzKTR0daklmf8D5F0Uf_IYAgcx_-Ij9McClQ/edit#gid=0
2020-02-26,nagoya,aichi,japan,35.18145060000001,136.9065571,5,0,0,5,0,0,4,0,0,https://docs.google.com/spreadsheets/d/1jfB4muWkzKTR0daklmf8D5F0Uf_IYAgcx_-Ij9McClQ/edit#gid=0
2020-02-26,ogaki,gifu,japan,35.3593013,136.6134417,1,0,0,1,0,0,-4,0,0,https://docs.google.com/spreadsheets/d/1jfB4muWkzKTR0daklmf8D5F0Uf_IYAgcx_-Ij9McClQ/edit#gid=0
2020-02-26,sapporo,hokkaido,japan,43.0617713,141.3544507,1,0,0,1,0,0,0,0,0,https://docs.google.com/spreadsheets/d/1jfB4muWkzKTR0daklmf8D5F0Uf_IYAgcx_-Ij9McClQ/edit#gid=0
2020-02-26,tokyo,chiba,japan,NA,NA,1,0,0,1,0,0,0,0,0,https://docs.google.com/spreadsheets/d/1jfB4muWkzKTR0daklmf8D5F0Uf_IYAgcx_-Ij9McClQ/edit#gid=0
2020-02-26,tokyo,tokyo,japan,35.6803997,139.7690174,4,0,4,0,0,0,3,0,0,https://docs.google.com/spreadsheets/d/1jfB4muWkzKTR0daklmf8D5F0Uf_IYAgcx_-Ij9McClQ/edit#gid=0
2020-02-26,yuasa,wakayama,japan,34.0294274,135.1904792,1,1,0,0,0,0,-3,1,0,https://docs.google.com/spreadsheets/d/1jfB4muWkzKTR0daklmf8D5F0Uf_IYAgcx_-Ij9McClQ/edit#gid=0
2020-02-26,NA,chiba,japan,35.6074041,140.1065366,1,0,1,0,0,0,0,-1,0,https://docs.google.com/spreadsheets/d/1jfB4muWkzKTR0daklmf8D5F0Uf_IYAgcx_-Ij9McClQ/edit#gid=0
2020-02-26,NA,kanagawa,japan,35.4913535,139.284143,1,0,0,1,0,0,0,0,0,https://docs.google.com/spreadsheets/d/1jfB4muWkzKTR0daklmf8D5F0Uf_IYAgcx_-Ij9McClQ/edit#gid=0
2020-02-26,NA,tokyo,japan,35.6761919,139.6503106,5,0,5,0,0,0,4,0,0,https://docs.google.com/spreadsheets/d/1jfB4muWkzKTR0daklmf8D5F0Uf_IYAgcx_-Ij9McClQ/edit#gid=0
2020-02-27,"akkeshi, kushiro",hokkaido,japan,NA,NA,1,0,1,0,0,0,-4,0,0,https://docs.google.com/spreadsheets/d/1jfB4muWkzKTR0daklmf8D5F0Uf_IYAgcx_-Ij9McClQ/edit#gid=0
2020-02-27,"biei, kamikawa",hokkaido,japan,NA,NA,1,0,1,0,0,0,0,0,0,https://docs.google.com/spreadsheets/d/1jfB4muWkzKTR0daklmf8D5F0Uf_IYAgcx_-Ij9McClQ/edit#gid=0
2020-02-27,kamikawa,hokkaido,japan,43.8471582,142.7703824,1,0,1,0,0,0,0,0,0,https://docs.google.com/spreadsheets/d/1jfB4muWkzKTR0daklmf8D5F0Uf_IYAgcx_-Ij9McClQ/edit#gid=0
2020-02-27,"kikonai, oshima",hokkaido,japan,NA,NA,1,0,1,0,0,0,0,0,0,https://docs.google.com/spreadsheets/d/1jfB4muWkzKTR0daklmf8D5F0Uf_IYAgcx_-Ij9McClQ/edit#gid=0
2020-02-27,kushiro,hokkaido,japan,42.9849413,144.3818041,1,0,1,0,0,0,0,0,0,https://docs.google.com/spreadsheets/d/1jfB4muWkzKTR0daklmf8D5F0Uf_IYAgcx_-Ij9McClQ/edit#gid=0
2020-02-27,nagoya,aichi,japan,35.18145060000001,136.9065571,2,0,2,0,0,0,1,0,0,https://docs.google.com/spreadsheets/d/1jfB4muWkzKTR0daklmf8D5F0Uf_IYAgcx_-Ij9McClQ/edit#gid=0
2020-02-27,ogaki,gifu,japan,35.3593013,136.6134417,1,0,1,0,0,0,-1,0,0,https://docs.google.com/spreadsheets/d/1jfB4muWkzKTR0daklmf8D5F0Uf_IYAgcx_-Ij9McClQ/edit#gid=0
2020-02-27,okhotsk,hokkaido,japan,43.2203266,142.8634737,3,0,3,0,0,0,2,0,0,https://docs.google.com/spreadsheets/d/1jfB4muWkzKTR0daklmf8D5F0Uf_IYAgcx_-Ij9McClQ/edit#gid=0
2020-02-27,sagamihara,kanagawa,japan,35.5712568,139.373427,2,0,2,0,0,0,-1,0,0,https://docs.google.com/spreadsheets/d/1jfB4muWkzKTR0daklmf8D5F0Uf_IYAgcx_-Ij9McClQ/edit#gid=0
2020-02-27,sapporo,hokkaido,japan,43.0617713,141.3544507,2,0,2,0,0,0,0,0,0,https://docs.google.com/spreadsheets/d/1jfB4muWkzKTR0daklmf8D5F0Uf_IYAgcx_-Ij9McClQ/edit#gid=0
2020-02-27,"setana, hiyama",hokkaido,japan,42.4174342,139.8827532,2,0,2,0,0,0,0,0,0,https://docs.google.com/spreadsheets/d/1jfB4muWkzKTR0daklmf8D5F0Uf_IYAgcx_-Ij9McClQ/edit#gid=0
2020-02-27,"takikawa, sorachi",hokkaido,japan,NA,NA,1,0,1,0,0,0,-1,0,0,https://docs.google.com/spreadsheets/d/1jfB4muWkzKTR0daklmf8D5F0Uf_IYAgcx_-Ij9McClQ/edit#gid=0
2020-02-27,tokachi,hokkaido,japan,NA,NA,1,0,1,0,0,0,0,0,0,https://docs.google.com/spreadsheets/d/1jfB4muWkzKTR0daklmf8D5F0Uf_IYAgcx_-Ij9McClQ/edit#gid=0
2020-02-27,"yakumo, oshima",hokkaido,japan,NA,NA,1,0,1,0,0,0,0,0,0,https://docs.google.com/spreadsheets/d/1jfB4muWkzKTR0daklmf8D5F0Uf_IYAgcx_-Ij9McClQ/edit#gid=0
2020-02-27,yokohama,kanagawa,japan,35.4436739,139.6379639,1,0,1,0,0,0,0,0,0,https://docs.google.com/spreadsheets/d/1jfB4muWkzKTR0daklmf8D5F0Uf_IYAgcx_-Ij9McClQ/edit#gid=0
2020-02-27,NA,ishikawa,japan,NA,NA,1,0,0,1,0,0,0,0,0,https://docs.google.com/spreadsheets/d/1jfB4muWkzKTR0daklmf8D5F0Uf_IYAgcx_-Ij9McClQ/edit#gid=0
2020-02-27,NA,kanagawa,japan,35.4913535,139.284143,1,0,1,0,0,0,0,0,0,https://docs.google.com/spreadsheets/d/1jfB4muWkzKTR0daklmf8D5F0Uf_IYAgcx_-Ij9McClQ/edit#gid=0
2020-02-27,NA,tokyo,japan,35.6761919,139.6503106,1,0,1,0,0,0,0,0,0,https://docs.google.com/spreadsheets/d/1jfB4muWkzKTR0daklmf8D5F0Uf_IYAgcx_-Ij9McClQ/edit#gid=0
2020-02-28,"chitose, ishikari",hokkaido,japan,NA,NA,1,0,1,0,0,0,0,0,0,https://docs.google.com/spreadsheets/d/1jfB4muWkzKTR0daklmf8D5F0Uf_IYAgcx_-Ij9McClQ/edit#gid=0
2020-02-28,"fukagawa, sorachiso",hokkaido,japan,NA,NA,1,0,1,0,0,0,0,0,0,https://docs.google.com/spreadsheets/d/1jfB4muWkzKTR0daklmf8D5F0Uf_IYAgcx_-Ij9McClQ/edit#gid=0
2020-02-28,ishikawa,ishikawa,japan,NA,NA,1,0,0,1,0,0,0,0,0,https://docs.google.com/spreadsheets/d/1jfB4muWkzKTR0daklmf8D5F0Uf_IYAgcx_-Ij9McClQ/edit#gid=0
2020-02-28,kamikawa,hokkaido,japan,43.8471582,142.7703824,1,0,1,0,0,0,0,0,0,https://docs.google.com/spreadsheets/d/1jfB4muWkzKTR0daklmf8D5F0Uf_IYAgcx_-Ij9McClQ/edit#gid=0
2020-02-28,"kitami, okhotsk",hokkaido,japan,43.8039761,143.8957837,2,0,2,0,0,0,1,0,0,https://docs.google.com/spreadsheets/d/1jfB4muWkzKTR0daklmf8D5F0Uf_IYAgcx_-Ij9McClQ/edit#gid=0
2020-02-28,kushiro,hokkaido,japan,42.9849413,144.3818041,2,0,2,0,0,0,0,0,0,https://docs.google.com/spreadsheets/d/1jfB4muWkzKTR0daklmf8D5F0Uf_IYAgcx_-Ij9McClQ/edit#gid=0
2020-02-28,nagoya,aichi,japan,35.18145060000001,136.9065571,1,0,1,0,0,0,-1,0,0,https://docs.google.com/spreadsheets/d/1jfB4muWkzKTR0daklmf8D5F0Uf_IYAgcx_-Ij9McClQ/edit#gid=0
2020-02-28,"nakafurano, kamikawa",hokkaido,japan,NA,NA,1,0,1,0,0,0,0,0,0,https://docs.google.com/spreadsheets/d/1jfB4muWkzKTR0daklmf8D5F0Uf_IYAgcx_-Ij9McClQ/edit#gid=0
2020-02-28,osaka,osaka,japan,34.6937249,135.5022535,2,0,0,1,1,0,1,0,0,https://docs.google.com/spreadsheets/d/1jfB4muWkzKTR0daklmf8D5F0Uf_IYAgcx_-Ij9McClQ/edit#gid=0
2020-02-28,sapporo,hokkaido,japan,43.0617713,141.3544507,3,0,3,0,0,0,1,0,0,https://docs.google.com/spreadsheets/d/1jfB4muWkzKTR0daklmf8D5F0Uf_IYAgcx_-Ij9McClQ/edit#gid=0
2020-02-28,"setana, hiyama",hokkaido,japan,42.4174342,139.8827532,1,0,1,0,0,0,-2,0,0,https://docs.google.com/spreadsheets/d/1jfB4muWkzKTR0daklmf8D5F0Uf_IYAgcx_-Ij9McClQ/edit#gid=0
2020-02-28,shizuoka,shizuoka,japan,34.9755668,138.3826773,1,0,1,0,0,0,0,0,0,https://docs.google.com/spreadsheets/d/1jfB4muWkzKTR0daklmf8D5F0Uf_IYAgcx_-Ij9McClQ/edit#gid=0
2020-02-29,kamikawa,hokkaido,japan,43.8471582,142.7703824,1,0,1,0,0,0,0,0,0,https://docs.google.com/spreadsheets/d/1jfB4muWkzKTR0daklmf8D5F0Uf_IYAgcx_-Ij9McClQ/edit#gid=0
2020-02-29,kochi,kochi,japan,33.5588821,133.5312383,1,0,1,0,0,0,0,0,0,https://docs.google.com/spreadsheets/d/1jfB4muWkzKTR0daklmf8D5F0Uf_IYAgcx_-Ij9McClQ/edit#gid=0
2020-02-29,nagoya,aichi,japan,35.18145060000001,136.9065571,1,0,0,0,0,1,0,0,1,https://docs.google.com/spreadsheets/d/1jfB4muWkzKTR0daklmf8D5F0Uf_IYAgcx_-Ij9McClQ/edit#gid=0
2020-02-29,niigata,niigata,japan,37.9161244,139.0363708,1,0,1,0,0,0,0,0,-1,https://docs.google.com/spreadsheets/d/1jfB4muWkzKTR0daklmf8D5F0Uf_IYAgcx_-Ij9McClQ/edit#gid=0
2020-02-29,osaka,osaka,japan,34.6937249,135.5022535,1,0,1,0,0,0,0,0,0,https://docs.google.com/spreadsheets/d/1jfB4muWkzKTR0daklmf8D5F0Uf_IYAgcx_-Ij9McClQ/edit#gid=0
2020-02-29,sapporo,hokkaido,japan,43.0617713,141.3544507,3,0,0,3,0,0,2,0,0,https://docs.google.com/spreadsheets/d/1jfB4muWkzKTR0daklmf8D5F0Uf_IYAgcx_-Ij9McClQ/edit#gid=0
2020-02-29,sendai,miyagi,japan,NA,NA,1,0,0,0,1,0,-2,0,0,https://docs.google.com/spreadsheets/d/1jfB4muWkzKTR0daklmf8D5F0Uf_IYAgcx_-Ij9McClQ/edit#gid=0
2020-02-29,tokyo,tokyo,japan,35.6803997,139.7690174,1,0,1,0,0,0,0,0,0,https://docs.google.com/spreadsheets/d/1jfB4muWkzKTR0daklmf8D5F0Uf_IYAgcx_-Ij9McClQ/edit#gid=0
2020-02-29,tomakomai,hokkaido,japan,NA,NA,1,0,0,1,0,0,0,0,0,https://docs.google.com/spreadsheets/d/1jfB4muWkzKTR0daklmf8D5F0Uf_IYAgcx_-Ij9McClQ/edit#gid=0
2020-02-29,yuasa,wakayama,japan,34.0294274,135.1904792,1,0,0,1,0,0,0,0,0,https://docs.google.com/spreadsheets/d/1jfB4muWkzKTR0daklmf8D5F0Uf_IYAgcx_-Ij9McClQ/edit#gid=0
2020-03-01,funabashi,chiba,japan,NA,NA,1,0,0,1,0,0,0,0,0,https://docs.google.com/spreadsheets/d/1jfB4muWkzKTR0daklmf8D5F0Uf_IYAgcx_-Ij9McClQ/edit#gid=0
2020-03-01,ishikari,hokkaido,japan,43.1714217,141.3155371,1,0,1,0,0,0,0,0,0,https://docs.google.com/spreadsheets/d/1jfB4muWkzKTR0daklmf8D5F0Uf_IYAgcx_-Ij9McClQ/edit#gid=0
2020-03-01,kamamura,kanagawa,japan,35.3192128,139.5466731,1,0,0,1,0,0,0,0,0,https://docs.google.com/spreadsheets/d/1jfB4muWkzKTR0daklmf8D5F0Uf_IYAgcx_-Ij9McClQ/edit#gid=0
2020-03-01,kita-kyushu,fukuoka,japan,NA,NA,1,0,0,1,0,0,0,0,0,https://docs.google.com/spreadsheets/d/1jfB4muWkzKTR0daklmf8D5F0Uf_IYAgcx_-Ij9McClQ/edit#gid=0
2020-03-01,"kitami, okhotsk",hokkaido,japan,43.8039761,143.8957837,1,0,1,0,0,0,0,0,0,https://docs.google.com/spreadsheets/d/1jfB4muWkzKTR0daklmf8D5F0Uf_IYAgcx_-Ij9McClQ/edit#gid=0
2020-03-01,kochi,kochi,japan,33.5588821,133.5312383,1,0,0,1,0,0,0,0,0,https://docs.google.com/spreadsheets/d/1jfB4muWkzKTR0daklmf8D5F0Uf_IYAgcx_-Ij9McClQ/edit#gid=0
2020-03-01,nagoya,aichi,japan,35.18145060000001,136.9065571,3,0,0,3,0,0,2,0,0,https://docs.google.com/spreadsheets/d/1jfB4muWkzKTR0daklmf8D5F0Uf_IYAgcx_-Ij9McClQ/edit#gid=0
2020-03-01,nishinomiya,hyogo,japan,34.7376029,135.3415109,1,0,0,1,0,0,-2,0,0,https://docs.google.com/spreadsheets/d/1jfB4muWkzKTR0daklmf8D5F0Uf_IYAgcx_-Ij9McClQ/edit#gid=0
2020-03-01,sagamihara,kanagawa,japan,35.5712568,139.373427,2,0,0,0,2,0,1,0,0,https://docs.google.com/spreadsheets/d/1jfB4muWkzKTR0daklmf8D5F0Uf_IYAgcx_-Ij9McClQ/edit#gid=0
2020-03-01,tokyo,tokyo,japan,35.6803997,139.7690174,3,0,3,0,0,0,1,0,0,https://docs.google.com/spreadsheets/d/1jfB4muWkzKTR0daklmf8D5F0Uf_IYAgcx_-Ij9McClQ/edit#gid=0
2020-03-02,ainan,ehime,japan,NA,NA,1,0,1,0,0,0,-2,0,0,https://docs.google.com/spreadsheets/d/1jfB4muWkzKTR0daklmf8D5F0Uf_IYAgcx_-Ij9McClQ/edit#gid=0
2020-03-02,asahikawa,hokkaido,japan,43.7708833,142.3650083,1,0,1,0,0,0,0,0,0,https://docs.google.com/spreadsheets/d/1jfB4muWkzKTR0daklmf8D5F0Uf_IYAgcx_-Ij9McClQ/edit#gid=0
2020-03-02,kamakura,kanagawa,japan,NA,NA,1,0,0,1,0,0,0,0,0,https://docs.google.com/spreadsheets/d/1jfB4muWkzKTR0daklmf8D5F0Uf_IYAgcx_-Ij9McClQ/edit#gid=0
2020-03-02,kamo,niigata,japan,NA,NA,1,0,1,0,0,0,0,0,0,https://docs.google.com/spreadsheets/d/1jfB4muWkzKTR0daklmf8D5F0Uf_IYAgcx_-Ij9McClQ/edit#gid=0
2020-03-02,"kitami, okhotsk",hokkaido,japan,43.8039761,143.8957837,2,0,2,0,0,0,1,0,0,https://docs.google.com/spreadsheets/d/1jfB4muWkzKTR0daklmf8D5F0Uf_IYAgcx_-Ij9McClQ/edit#gid=0
2020-03-02,niigata city,niigata,japan,NA,NA,3,0,3,0,0,0,1,0,0,https://docs.google.com/spreadsheets/d/1jfB4muWkzKTR0daklmf8D5F0Uf_IYAgcx_-Ij9McClQ/edit#gid=0
2020-03-02,okhotsk,hokkaido,japan,43.2203266,142.8634737,1,0,1,0,0,0,-2,0,0,https://docs.google.com/spreadsheets/d/1jfB4muWkzKTR0daklmf8D5F0Uf_IYAgcx_-Ij9McClQ/edit#gid=0
2020-03-02,osaka,osaka,japan,34.6937249,135.5022535,2,0,2,0,0,0,1,0,0,https://docs.google.com/spreadsheets/d/1jfB4muWkzKTR0daklmf8D5F0Uf_IYAgcx_-Ij9McClQ/edit#gid=0
2020-03-02,sagamihara,kanagawa,japan,35.5712568,139.373427,5,0,0,1,4,0,3,0,0,https://docs.google.com/spreadsheets/d/1jfB4muWkzKTR0daklmf8D5F0Uf_IYAgcx_-Ij9McClQ/edit#gid=0
2020-03-02,sapporo,hokkaido,japan,43.0617713,141.3544507,1,0,1,0,0,0,-4,0,0,https://docs.google.com/spreadsheets/d/1jfB4muWkzKTR0daklmf8D5F0Uf_IYAgcx_-Ij9McClQ/edit#gid=0
2020-03-03,kobe,hyogo,japan,34.6900806,135.19563110000001,2,0,1,1,0,0,1,0,0,https://docs.google.com/spreadsheets/d/1jfB4muWkzKTR0daklmf8D5F0Uf_IYAgcx_-Ij9McClQ/edit#gid=0
2020-03-03,kochi,kochi,japan,33.5588821,133.5312383,1,0,1,0,0,0,-1,0,0,https://docs.google.com/spreadsheets/d/1jfB4muWkzKTR0daklmf8D5F0Uf_IYAgcx_-Ij9McClQ/edit#gid=0
2020-03-03,kyoto-shi,kyoto,japan,35.011564,135.7681489,1,0,0,0,1,0,0,0,0,https://docs.google.com/spreadsheets/d/1jfB4muWkzKTR0daklmf8D5F0Uf_IYAgcx_-Ij9McClQ/edit#gid=0
2020-03-03,nagoya,aichi,japan,35.18145060000001,136.9065571,5,0,5,0,0,0,4,0,0,https://docs.google.com/spreadsheets/d/1jfB4muWkzKTR0daklmf8D5F0Uf_IYAgcx_-Ij9McClQ/edit#gid=0
2020-03-03,oita,oita,japan,NA,NA,1,0,0,1,0,0,-4,0,0,https://docs.google.com/spreadsheets/d/1jfB4muWkzKTR0daklmf8D5F0Uf_IYAgcx_-Ij9McClQ/edit#gid=0
2020-03-03,sapporo,hokkaido,japan,43.0617713,141.3544507,2,0,2,0,0,0,1,0,0,https://docs.google.com/spreadsheets/d/1jfB4muWkzKTR0daklmf8D5F0Uf_IYAgcx_-Ij9McClQ/edit#gid=0
2020-03-03,shimonoseki,yamaguchi,japan,NA,NA,1,0,0,1,0,0,-1,0,0,https://docs.google.com/spreadsheets/d/1jfB4muWkzKTR0daklmf8D5F0Uf_IYAgcx_-Ij9McClQ/edit#gid=0
2020-03-03,yokohama,kanagawa,japan,35.4436739,139.6379639,1,0,0,1,0,0,0,0,0,https://docs.google.com/spreadsheets/d/1jfB4muWkzKTR0daklmf8D5F0Uf_IYAgcx_-Ij9McClQ/edit#gid=0
2020-03-03,NA,tokyo,japan,35.6761919,139.6503106,1,0,1,0,0,0,0,0,0,https://docs.google.com/spreadsheets/d/1jfB4muWkzKTR0daklmf8D5F0Uf_IYAgcx_-Ij9McClQ/edit#gid=0
2020-03-04,aki,kochi,japan,33.5025379,133.9071048,1,0,1,0,0,0,0,0,0,https://docs.google.com/spreadsheets/d/1jfB4muWkzKTR0daklmf8D5F0Uf_IYAgcx_-Ij9McClQ/edit#gid=0
2020-03-04,asahikawa,hokkaido,japan,43.7708833,142.3650083,2,0,2,0,0,0,1,0,0,https://docs.google.com/spreadsheets/d/1jfB4muWkzKTR0daklmf8D5F0Uf_IYAgcx_-Ij9McClQ/edit#gid=0
2020-03-04,"gamagori, mikawa",aichi,japan,NA,NA,1,0,0,1,0,0,-1,0,0,https://docs.google.com/spreadsheets/d/1jfB4muWkzKTR0daklmf8D5F0Uf_IYAgcx_-Ij9McClQ/edit#gid=0
2020-03-04,ichikawa,chiba,japan,35.7135721,139.9279808,1,0,1,0,0,0,0,0,0,https://docs.google.com/spreadsheets/d/1jfB4muWkzKTR0daklmf8D5F0Uf_IYAgcx_-Ij9McClQ/edit#gid=0
2020-03-04,"kitami, okhotsk",hokkaido,japan,43.8039761,143.8957837,1,0,1,0,0,0,0,0,0,https://docs.google.com/spreadsheets/d/1jfB4muWkzKTR0daklmf8D5F0Uf_IYAgcx_-Ij9McClQ/edit#gid=0
2020-03-04,kyoto-shi,kyoto,japan,35.011564,135.7681489,2,0,0,1,1,0,1,0,0,https://docs.google.com/spreadsheets/d/1jfB4muWkzKTR0daklmf8D5F0Uf_IYAgcx_-Ij9McClQ/edit#gid=0
2020-03-04,matsuyama,ehime,japan,NA,NA,1,0,1,0,0,0,-1,0,0,https://docs.google.com/spreadsheets/d/1jfB4muWkzKTR0daklmf8D5F0Uf_IYAgcx_-Ij9McClQ/edit#gid=0
2020-03-04,mikawa,aichi,japan,NA,NA,3,0,2,1,0,0,2,0,0,https://docs.google.com/spreadsheets/d/1jfB4muWkzKTR0daklmf8D5F0Uf_IYAgcx_-Ij9McClQ/edit#gid=0
2020-03-04,miyazaki,miyazaki,japan,31.9077285,131.4202196,1,0,0,1,0,0,-2,0,0,https://docs.google.com/spreadsheets/d/1jfB4muWkzKTR0daklmf8D5F0Uf_IYAgcx_-Ij9McClQ/edit#gid=0
2020-03-04,nagoya,aichi,japan,35.18145060000001,136.9065571,6,0,6,0,0,0,5,0,0,https://docs.google.com/spreadsheets/d/1jfB4muWkzKTR0daklmf8D5F0Uf_IYAgcx_-Ij9McClQ/edit#gid=0
2020-03-04,osaka,osaka,japan,34.6937249,135.5022535,2,0,2,0,0,0,-4,0,0,https://docs.google.com/spreadsheets/d/1jfB4muWkzKTR0daklmf8D5F0Uf_IYAgcx_-Ij9McClQ/edit#gid=0
2020-03-04,owari,aichi,japan,35.3039172,136.8029671,1,0,0,1,0,0,-1,0,0,https://docs.google.com/spreadsheets/d/1jfB4muWkzKTR0daklmf8D5F0Uf_IYAgcx_-Ij9McClQ/edit#gid=0
2020-03-04,NA,aichi,japan,35.0182505,137.2923893,1,0,0,1,0,0,0,0,0,https://docs.google.com/spreadsheets/d/1jfB4muWkzKTR0daklmf8D5F0Uf_IYAgcx_-Ij9McClQ/edit#gid=0
2020-03-04,NA,kochi,japan,NA,NA,1,0,1,0,0,0,0,0,0,https://docs.google.com/spreadsheets/d/1jfB4muWkzKTR0daklmf8D5F0Uf_IYAgcx_-Ij9McClQ/edit#gid=0
2020-03-04,NA,kumamoto,japan,NA,NA,1,0,0,1,0,0,0,0,0,https://docs.google.com/spreadsheets/d/1jfB4muWkzKTR0daklmf8D5F0Uf_IYAgcx_-Ij9McClQ/edit#gid=0
2020-03-04,NA,osaka,japan,34.6937249,135.5022535,9,0,0,7,2,0,8,0,0,https://docs.google.com/spreadsheets/d/1jfB4muWkzKTR0daklmf8D5F0Uf_IYAgcx_-Ij9McClQ/edit#gid=0
2020-03-04,NA,tokyo,japan,35.6761919,139.6503106,4,0,3,1,0,0,-5,0,0,https://docs.google.com/spreadsheets/d/1jfB4muWkzKTR0daklmf8D5F0Uf_IYAgcx_-Ij9McClQ/edit#gid=0
2020-03-05,adachi,tokyo,japan,NA,NA,3,0,3,0,0,0,-1,0,0,https://docs.google.com/spreadsheets/d/1jfB4muWkzKTR0daklmf8D5F0Uf_IYAgcx_-Ij9McClQ/edit#gid=0
2020-03-05,ageo,saitama,japan,NA,NA,1,0,1,0,0,0,-2,0,0,https://docs.google.com/spreadsheets/d/1jfB4muWkzKTR0daklmf8D5F0Uf_IYAgcx_-Ij9McClQ/edit#gid=0
2020-03-05,daito,osaka,japan,NA,NA,1,0,1,0,0,0,0,0,0,https://docs.google.com/spreadsheets/d/1jfB4muWkzKTR0daklmf8D5F0Uf_IYAgcx_-Ij9McClQ/edit#gid=0
2020-03-05,fukusaki,hyogo,japan,NA,NA,1,0,0,1,0,0,0,0,0,https://docs.google.com/spreadsheets/d/1jfB4muWkzKTR0daklmf8D5F0Uf_IYAgcx_-Ij9McClQ/edit#gid=0
2020-03-05,gyoda,saitama,japan,NA,NA,1,0,1,0,0,0,0,0,0,https://docs.google.com/spreadsheets/d/1jfB4muWkzKTR0daklmf8D5F0Uf_IYAgcx_-Ij9McClQ/edit#gid=0
2020-03-05,kochi-shi,kochi,japan,33.5588821,133.5312383,2,0,2,0,0,0,1,0,0,https://docs.google.com/spreadsheets/d/1jfB4muWkzKTR0daklmf8D5F0Uf_IYAgcx_-Ij9McClQ/edit#gid=0
2020-03-05,kyoto-shi,kyoto,japan,35.011564,135.7681489,1,0,0,0,1,0,-1,0,0,https://docs.google.com/spreadsheets/d/1jfB4muWkzKTR0daklmf8D5F0Uf_IYAgcx_-Ij9McClQ/edit#gid=0
2020-03-05,nagoya,aichi,japan,35.18145060000001,136.9065571,7,0,6,0,0,1,6,0,1,https://docs.google.com/spreadsheets/d/1jfB4muWkzKTR0daklmf8D5F0Uf_IYAgcx_-Ij9McClQ/edit#gid=0
2020-03-05,niigata,niigata,japan,37.9161244,139.0363708,1,0,1,0,0,0,-6,0,-1,https://docs.google.com/spreadsheets/d/1jfB4muWkzKTR0daklmf8D5F0Uf_IYAgcx_-Ij9McClQ/edit#gid=0
2020-03-05,otsu,shiga,japan,NA,NA,1,0,0,1,0,0,0,0,0,https://docs.google.com/spreadsheets/d/1jfB4muWkzKTR0daklmf8D5F0Uf_IYAgcx_-Ij9McClQ/edit#gid=0
2020-03-05,owari,aichi,japan,35.3039172,136.8029671,2,0,1,1,0,0,1,0,0,https://docs.google.com/spreadsheets/d/1jfB4muWkzKTR0daklmf8D5F0Uf_IYAgcx_-Ij9McClQ/edit#gid=0
2020-03-05,sagamihara,kanagawa,japan,35.5712568,139.373427,2,0,0,0,2,0,0,0,0,https://docs.google.com/spreadsheets/d/1jfB4muWkzKTR0daklmf8D5F0Uf_IYAgcx_-Ij9McClQ/edit#gid=0
2020-03-05,sapporo,hokkaido,japan,43.0617713,141.3544507,1,0,0,1,0,0,-1,0,0,https://docs.google.com/spreadsheets/d/1jfB4muWkzKTR0daklmf8D5F0Uf_IYAgcx_-Ij9McClQ/edit#gid=0
2020-03-05,shimonoseki,yamaguchi,japan,NA,NA,2,0,0,2,0,0,1,0,0,https://docs.google.com/spreadsheets/d/1jfB4muWkzKTR0daklmf8D5F0Uf_IYAgcx_-Ij9McClQ/edit#gid=0
2020-03-05,wakayama city,wakayama,japan,34.2303678,135.1707405,1,0,1,0,0,0,-1,0,0,https://docs.google.com/spreadsheets/d/1jfB4muWkzKTR0daklmf8D5F0Uf_IYAgcx_-Ij9McClQ/edit#gid=0
2020-03-05,yokohama,kanagawa,japan,35.4436739,139.6379639,1,0,0,1,0,0,0,0,0,https://docs.google.com/spreadsheets/d/1jfB4muWkzKTR0daklmf8D5F0Uf_IYAgcx_-Ij9McClQ/edit#gid=0
2020-03-05,NA,tokyo,japan,35.6761919,139.6503106,5,0,4,1,0,0,4,0,0,https://docs.google.com/spreadsheets/d/1jfB4muWkzKTR0daklmf8D5F0Uf_IYAgcx_-Ij9McClQ/edit#gid=0
2020-03-06,himeji,hyogo,japan,34.8154176,134.6855509,1,0,0,1,0,0,-4,0,0,https://docs.google.com/spreadsheets/d/1jfB4muWkzKTR0daklmf8D5F0Uf_IYAgcx_-Ij9McClQ/edit#gid=0
2020-03-06,hiratsuka,kanagawa,japan,NA,NA,2,0,0,2,0,0,1,0,0,https://docs.google.com/spreadsheets/d/1jfB4muWkzKTR0daklmf8D5F0Uf_IYAgcx_-Ij9McClQ/edit#gid=0
2020-03-06,ichikawa,chiba,japan,35.7135721,139.9279808,2,0,2,0,0,0,0,0,0,https://docs.google.com/spreadsheets/d/1jfB4muWkzKTR0daklmf8D5F0Uf_IYAgcx_-Ij9McClQ/edit#gid=0
2020-03-06,ishikari,hokkaido,japan,43.1714217,141.3155371,2,0,2,0,0,0,0,0,0,https://docs.google.com/spreadsheets/d/1jfB4muWkzKTR0daklmf8D5F0Uf_IYAgcx_-Ij9McClQ/edit#gid=0
2020-03-06,itami,hyogo,japan,34.7843478,135.4009097,1,0,0,1,0,0,-1,0,0,https://docs.google.com/spreadsheets/d/1jfB4muWkzKTR0daklmf8D5F0Uf_IYAgcx_-Ij9McClQ/edit#gid=0
2020-03-06,kochi,kochi,japan,33.5588821,133.5312383,1,0,1,0,0,0,0,0,0,https://docs.google.com/spreadsheets/d/1jfB4muWkzKTR0daklmf8D5F0Uf_IYAgcx_-Ij9McClQ/edit#gid=0
2020-03-06,mitashi,hyogo,japan,NA,NA,1,0,0,1,0,0,0,0,0,https://docs.google.com/spreadsheets/d/1jfB4muWkzKTR0daklmf8D5F0Uf_IYAgcx_-Ij9McClQ/edit#gid=0
2020-03-06,nagoya,aichi,japan,35.18145060000001,136.9065571,5,0,5,0,0,0,4,0,0,https://docs.google.com/spreadsheets/d/1jfB4muWkzKTR0daklmf8D5F0Uf_IYAgcx_-Ij9McClQ/edit#gid=0
2020-03-06,nanmoku-mura,nagano,japan,NA,NA,1,0,0,1,0,0,-4,0,0,https://docs.google.com/spreadsheets/d/1jfB4muWkzKTR0daklmf8D5F0Uf_IYAgcx_-Ij9McClQ/edit#gid=0
2020-03-06,nara,nara,japan,34.685109,135.8048019,3,0,0,1,2,0,2,0,0,https://docs.google.com/spreadsheets/d/1jfB4muWkzKTR0daklmf8D5F0Uf_IYAgcx_-Ij9McClQ/edit#gid=0
2020-03-06,nishinomiya,hyogo,japan,34.7376029,135.3415109,1,0,0,1,0,0,-2,0,0,https://docs.google.com/spreadsheets/d/1jfB4muWkzKTR0daklmf8D5F0Uf_IYAgcx_-Ij9McClQ/edit#gid=0
2020-03-06,odawara,kanagawa,japan,NA,NA,1,0,0,1,0,0,0,0,0,https://docs.google.com/spreadsheets/d/1jfB4muWkzKTR0daklmf8D5F0Uf_IYAgcx_-Ij9McClQ/edit#gid=0
2020-03-06,okhotsk,hokkaido,japan,43.2203266,142.8634737,2,0,2,0,0,0,1,0,0,https://docs.google.com/spreadsheets/d/1jfB4muWkzKTR0daklmf8D5F0Uf_IYAgcx_-Ij9McClQ/edit#gid=0
2020-03-06,osaka-shi,osaka,japan,34.6937249,135.5022535,7,0,7,0,0,0,5,0,0,https://docs.google.com/spreadsheets/d/1jfB4muWkzKTR0daklmf8D5F0Uf_IYAgcx_-Ij9McClQ/edit#gid=0
2020-03-06,sagamihara,kanagawa,japan,35.5712568,139.373427,1,0,1,0,0,0,-6,0,0,https://docs.google.com/spreadsheets/d/1jfB4muWkzKTR0daklmf8D5F0Uf_IYAgcx_-Ij9McClQ/edit#gid=0
2020-03-06,sakai,osaka,japan,NA,NA,1,0,1,0,0,0,0,0,0,https://docs.google.com/spreadsheets/d/1jfB4muWkzKTR0daklmf8D5F0Uf_IYAgcx_-Ij9McClQ/edit#gid=0
2020-03-06,sapporo,hokkaido,japan,43.0617713,141.3544507,3,0,3,0,0,0,2,0,0,https://docs.google.com/spreadsheets/d/1jfB4muWkzKTR0daklmf8D5F0Uf_IYAgcx_-Ij9McClQ/edit#gid=0
2020-03-06,suita,osaka,japan,34.7593593,135.5164769,3,0,3,0,0,0,0,0,0,https://docs.google.com/spreadsheets/d/1jfB4muWkzKTR0daklmf8D5F0Uf_IYAgcx_-Ij9McClQ/edit#gid=0
2020-03-06,takatsuki,osaka,japan,NA,NA,2,0,2,0,0,0,-1,0,0,https://docs.google.com/spreadsheets/d/1jfB4muWkzKTR0daklmf8D5F0Uf_IYAgcx_-Ij9McClQ/edit#gid=0
2020-03-06,yamashiro,kyoto,japan,NA,NA,1,0,1,0,0,0,-1,0,0,https://docs.google.com/spreadsheets/d/1jfB4muWkzKTR0daklmf8D5F0Uf_IYAgcx_-Ij9McClQ/edit#gid=0
2020-03-06,yokohama,kanagawa,japan,35.4436739,139.6379639,1,0,0,1,0,0,0,0,0,https://docs.google.com/spreadsheets/d/1jfB4muWkzKTR0daklmf8D5F0Uf_IYAgcx_-Ij9McClQ/edit#gid=0
2020-03-06,NA,akita,japan,NA,NA,1,0,1,0,0,0,0,0,0,https://docs.google.com/spreadsheets/d/1jfB4muWkzKTR0daklmf8D5F0Uf_IYAgcx_-Ij9McClQ/edit#gid=0
2020-03-06,NA,kanagawa,japan,35.4913535,139.284143,1,0,1,0,0,0,0,0,0,https://docs.google.com/spreadsheets/d/1jfB4muWkzKTR0daklmf8D5F0Uf_IYAgcx_-Ij9McClQ/edit#gid=0
2020-03-06,NA,kochi,japan,NA,NA,1,0,1,0,0,0,0,0,0,https://docs.google.com/spreadsheets/d/1jfB4muWkzKTR0daklmf8D5F0Uf_IYAgcx_-Ij9McClQ/edit#gid=0
2020-03-06,NA,saitama,japan,35.8616486,139.6454782,3,0,3,0,0,0,2,0,0,https://docs.google.com/spreadsheets/d/1jfB4muWkzKTR0daklmf8D5F0Uf_IYAgcx_-Ij9McClQ/edit#gid=0
2020-03-06,NA,tochigi,japan,36.6714739,139.8547266,1,0,1,0,0,0,-2,0,0,https://docs.google.com/spreadsheets/d/1jfB4muWkzKTR0daklmf8D5F0Uf_IYAgcx_-Ij9McClQ/edit#gid=0
2020-03-06,NA,tokyo,japan,35.6761919,139.6503106,6,0,5,0,0,1,5,0,1,https://docs.google.com/spreadsheets/d/1jfB4muWkzKTR0daklmf8D5F0Uf_IYAgcx_-Ij9McClQ/edit#gid=0
2020-03-06,NA,yamanashi,japan,NA,NA,1,0,1,0,0,0,-5,0,-1,https://docs.google.com/spreadsheets/d/1jfB4muWkzKTR0daklmf8D5F0Uf_IYAgcx_-Ij9McClQ/edit#gid=0
2020-03-07,chutan,kyoto,japan,NA,NA,1,0,0,0,1,0,0,0,0,https://docs.google.com/spreadsheets/d/1jfB4muWkzKTR0daklmf8D5F0Uf_IYAgcx_-Ij9McClQ/edit#gid=0
2020-03-07,hiratsuka,kanagawa,japan,NA,NA,1,0,1,0,0,0,0,0,0,https://docs.google.com/spreadsheets/d/1jfB4muWkzKTR0daklmf8D5F0Uf_IYAgcx_-Ij9McClQ/edit#gid=0
2020-03-07,hiroshima,hiroshima,japan,NA,NA,1,0,0,0,1,0,0,0,0,https://docs.google.com/spreadsheets/d/1jfB4muWkzKTR0daklmf8D5F0Uf_IYAgcx_-Ij9McClQ/edit#gid=0
2020-03-07,ibaraki,osaka,japan,NA,NA,1,0,1,0,0,0,0,0,0,https://docs.google.com/spreadsheets/d/1jfB4muWkzKTR0daklmf8D5F0Uf_IYAgcx_-Ij9McClQ/edit#gid=0
2020-03-07,ichikawa,chiba,japan,35.7135721,139.9279808,3,0,3,0,0,0,2,0,0,https://docs.google.com/spreadsheets/d/1jfB4muWkzKTR0daklmf8D5F0Uf_IYAgcx_-Ij9McClQ/edit#gid=0
2020-03-07,iwaki,fukushima,japan,37.0505055,140.8877435,1,0,1,0,0,0,-2,0,0,https://docs.google.com/spreadsheets/d/1jfB4muWkzKTR0daklmf8D5F0Uf_IYAgcx_-Ij9McClQ/edit#gid=0
2020-03-07,kochi-shi,kochi,japan,33.5588821,133.5312383,1,0,1,0,0,0,0,0,0,https://docs.google.com/spreadsheets/d/1jfB4muWkzKTR0daklmf8D5F0Uf_IYAgcx_-Ij9McClQ/edit#gid=0
2020-03-07,matsudo,chiba,japan,35.7876663,139.9033248,1,0,0,1,0,0,0,0,0,https://docs.google.com/spreadsheets/d/1jfB4muWkzKTR0daklmf8D5F0Uf_IYAgcx_-Ij9McClQ/edit#gid=0
2020-03-07,mikawa,aichi,japan,NA,NA,1,0,1,0,0,0,0,0,0,https://docs.google.com/spreadsheets/d/1jfB4muWkzKTR0daklmf8D5F0Uf_IYAgcx_-Ij9McClQ/edit#gid=0
2020-03-07,nagoya,aichi,japan,35.18145060000001,136.9065571,5,0,1,4,0,0,4,0,0,https://docs.google.com/spreadsheets/d/1jfB4muWkzKTR0daklmf8D5F0Uf_IYAgcx_-Ij9McClQ/edit#gid=0
2020-03-07,nerima,tokyo,japan,NA,NA,1,0,1,0,0,0,-4,0,0,https://docs.google.com/spreadsheets/d/1jfB4muWkzKTR0daklmf8D5F0Uf_IYAgcx_-Ij9McClQ/edit#gid=0
2020-03-07,nishinomiya,hyogo,japan,34.7376029,135.3415109,2,0,2,0,0,0,1,0,0,https://docs.google.com/spreadsheets/d/1jfB4muWkzKTR0daklmf8D5F0Uf_IYAgcx_-Ij9McClQ/edit#gid=0
2020-03-07,okhotsk,hokkaido,japan,43.2203266,142.8634737,1,0,1,0,0,0,-1,0,0,https://docs.google.com/spreadsheets/d/1jfB4muWkzKTR0daklmf8D5F0Uf_IYAgcx_-Ij9McClQ/edit#gid=0
2020-03-07,oota,gunma,japan,NA,NA,1,0,1,0,0,0,0,0,0,https://docs.google.com/spreadsheets/d/1jfB4muWkzKTR0daklmf8D5F0Uf_IYAgcx_-Ij9McClQ/edit#gid=0
2020-03-07,owari,aichi,japan,35.3039172,136.8029671,1,0,1,0,0,0,0,0,0,https://docs.google.com/spreadsheets/d/1jfB4muWkzKTR0daklmf8D5F0Uf_IYAgcx_-Ij9McClQ/edit#gid=0
2020-03-07,sapporo,hokkaido,japan,43.0617713,141.3544507,6,0,6,0,0,0,5,0,0,https://docs.google.com/spreadsheets/d/1jfB4muWkzKTR0daklmf8D5F0Uf_IYAgcx_-Ij9McClQ/edit#gid=0
2020-03-07,sorachi,hokkaido,japan,43.438166,142.4547748,1,0,1,0,0,0,-5,0,0,https://docs.google.com/spreadsheets/d/1jfB4muWkzKTR0daklmf8D5F0Uf_IYAgcx_-Ij9McClQ/edit#gid=0
2020-03-07,yamanashi,yamanashi,japan,NA,NA,1,0,1,0,0,0,0,0,0,https://docs.google.com/spreadsheets/d/1jfB4muWkzKTR0daklmf8D5F0Uf_IYAgcx_-Ij9McClQ/edit#gid=0
2020-03-07,NA,kanagawa,japan,35.4913535,139.284143,2,0,2,0,0,0,1,0,0,https://docs.google.com/spreadsheets/d/1jfB4muWkzKTR0daklmf8D5F0Uf_IYAgcx_-Ij9McClQ/edit#gid=0
2020-03-07,NA,osaka,japan,34.6937249,135.5022535,9,0,9,0,0,0,7,0,0,https://docs.google.com/spreadsheets/d/1jfB4muWkzKTR0daklmf8D5F0Uf_IYAgcx_-Ij9McClQ/edit#gid=0
2020-03-07,NA,tokyo,japan,35.6761919,139.6503106,7,0,7,0,0,0,-2,0,0,https://docs.google.com/spreadsheets/d/1jfB4muWkzKTR0daklmf8D5F0Uf_IYAgcx_-Ij9McClQ/edit#gid=0
2020-03-08,"aki, kochi",kochi,japan,NA,NA,1,0,1,0,0,0,-6,0,0,https://docs.google.com/spreadsheets/d/1jfB4muWkzKTR0daklmf8D5F0Uf_IYAgcx_-Ij9McClQ/edit#gid=0
2020-03-08,asahikawa,hokkaido,japan,43.7708833,142.3650083,1,0,1,0,0,0,0,0,0,https://docs.google.com/spreadsheets/d/1jfB4muWkzKTR0daklmf8D5F0Uf_IYAgcx_-Ij9McClQ/edit#gid=0
2020-03-08,himeji,hyogo,japan,34.8154176,134.6855509,1,0,0,1,0,0,0,0,0,https://docs.google.com/spreadsheets/d/1jfB4muWkzKTR0daklmf8D5F0Uf_IYAgcx_-Ij9McClQ/edit#gid=0
2020-03-08,kochi-shi,kochi,japan,33.5588821,133.5312383,1,0,1,0,0,0,0,0,0,https://docs.google.com/spreadsheets/d/1jfB4muWkzKTR0daklmf8D5F0Uf_IYAgcx_-Ij9McClQ/edit#gid=0
2020-03-08,moriguchi,osaka,japan,NA,NA,1,0,1,0,0,0,0,0,0,https://docs.google.com/spreadsheets/d/1jfB4muWkzKTR0daklmf8D5F0Uf_IYAgcx_-Ij9McClQ/edit#gid=0
2020-03-08,nagoya,aichi,japan,35.18145060000001,136.9065571,11,0,9,0,0,2,10,0,2,https://docs.google.com/spreadsheets/d/1jfB4muWkzKTR0daklmf8D5F0Uf_IYAgcx_-Ij9McClQ/edit#gid=0
2020-03-08,osaka-shi,osaka,japan,34.6937249,135.5022535,10,0,10,0,0,0,-1,0,-2,https://docs.google.com/spreadsheets/d/1jfB4muWkzKTR0daklmf8D5F0Uf_IYAgcx_-Ij9McClQ/edit#gid=0
2020-03-08,saitama,saitama,japan,35.8616486,139.6454782,1,0,1,0,0,0,-9,0,0,https://docs.google.com/spreadsheets/d/1jfB4muWkzKTR0daklmf8D5F0Uf_IYAgcx_-Ij9McClQ/edit#gid=0
2020-03-08,sorachi,hokkaido,japan,43.438166,142.4547748,2,0,2,0,0,0,1,0,0,https://docs.google.com/spreadsheets/d/1jfB4muWkzKTR0daklmf8D5F0Uf_IYAgcx_-Ij9McClQ/edit#gid=0
2020-03-08,toyonaka,osaka,japan,34.7811075,135.469953,2,0,2,0,0,0,0,0,0,https://docs.google.com/spreadsheets/d/1jfB4muWkzKTR0daklmf8D5F0Uf_IYAgcx_-Ij9McClQ/edit#gid=0
2020-03-08,yao,osaka,japan,34.6268613,135.6007522,1,0,1,0,0,0,-1,0,0,https://docs.google.com/spreadsheets/d/1jfB4muWkzKTR0daklmf8D5F0Uf_IYAgcx_-Ij9McClQ/edit#gid=0
2020-03-08,yokohama,kanagawa,japan,35.4436739,139.6379639,1,0,0,1,0,0,0,0,0,https://docs.google.com/spreadsheets/d/1jfB4muWkzKTR0daklmf8D5F0Uf_IYAgcx_-Ij9McClQ/edit#gid=0
2020-03-08,NA,akita,japan,NA,NA,1,0,0,1,0,0,0,0,0,https://docs.google.com/spreadsheets/d/1jfB4muWkzKTR0daklmf8D5F0Uf_IYAgcx_-Ij9McClQ/edit#gid=0
2020-03-09,chutan,kyoto,japan,NA,NA,3,0,0,2,1,0,2,0,0,https://docs.google.com/spreadsheets/d/1jfB4muWkzKTR0daklmf8D5F0Uf_IYAgcx_-Ij9McClQ/edit#gid=0
2020-03-09,ishikari,hokkaido,japan,43.1714217,141.3155371,2,0,2,0,0,0,-1,0,0,https://docs.google.com/spreadsheets/d/1jfB4muWkzKTR0daklmf8D5F0Uf_IYAgcx_-Ij9McClQ/edit#gid=0
2020-03-09,itami,hyogo,japan,34.7843478,135.4009097,1,0,0,0,0,1,-1,0,1,https://docs.google.com/spreadsheets/d/1jfB4muWkzKTR0daklmf8D5F0Uf_IYAgcx_-Ij9McClQ/edit#gid=0
2020-03-09,kobe,hyogo,japan,34.6900806,135.19563110000001,1,0,1,0,0,0,0,0,-1,https://docs.google.com/spreadsheets/d/1jfB4muWkzKTR0daklmf8D5F0Uf_IYAgcx_-Ij9McClQ/edit#gid=0
2020-03-09,kyoto-shi,kyoto,japan,35.011564,135.7681489,1,0,0,0,1,0,0,0,0,https://docs.google.com/spreadsheets/d/1jfB4muWkzKTR0daklmf8D5F0Uf_IYAgcx_-Ij9McClQ/edit#gid=0
2020-03-09,matsudo,chiba,japan,35.7876663,139.9033248,1,0,1,0,0,0,0,0,0,https://docs.google.com/spreadsheets/d/1jfB4muWkzKTR0daklmf8D5F0Uf_IYAgcx_-Ij9McClQ/edit#gid=0
2020-03-09,nagoya,aichi,japan,35.18145060000001,136.9065571,5,0,4,0,0,1,4,0,1,https://docs.google.com/spreadsheets/d/1jfB4muWkzKTR0daklmf8D5F0Uf_IYAgcx_-Ij9McClQ/edit#gid=0
2020-03-09,niigata-shi,niigata,japan,NA,NA,2,0,2,0,0,0,-3,0,-1,https://docs.google.com/spreadsheets/d/1jfB4muWkzKTR0daklmf8D5F0Uf_IYAgcx_-Ij9McClQ/edit#gid=0
2020-03-09,sagamihara,kanagawa,japan,35.5712568,139.373427,1,0,0,0,0,1,-1,0,1,https://docs.google.com/spreadsheets/d/1jfB4muWkzKTR0daklmf8D5F0Uf_IYAgcx_-Ij9McClQ/edit#gid=0
2020-03-09,sapporo,hokkaido,japan,43.0617713,141.3544507,5,0,5,0,0,0,4,0,-1,https://docs.google.com/spreadsheets/d/1jfB4muWkzKTR0daklmf8D5F0Uf_IYAgcx_-Ij9McClQ/edit#gid=0
2020-03-09,tamba,hyogo,japan,NA,NA,1,0,1,0,0,0,-4,0,0,https://docs.google.com/spreadsheets/d/1jfB4muWkzKTR0daklmf8D5F0Uf_IYAgcx_-Ij9McClQ/edit#gid=0
2020-03-09,NA,ishikawa,japan,NA,NA,1,0,0,1,0,0,0,0,0,https://docs.google.com/spreadsheets/d/1jfB4muWkzKTR0daklmf8D5F0Uf_IYAgcx_-Ij9McClQ/edit#gid=0
2020-03-09,NA,nara,japan,NA,NA,2,0,2,0,0,0,1,0,0,https://docs.google.com/spreadsheets/d/1jfB4muWkzKTR0daklmf8D5F0Uf_IYAgcx_-Ij9McClQ/edit#gid=0
2020-03-10,chutan,kyoto,japan,NA,NA,1,0,0,1,0,0,-1,0,0,https://docs.google.com/spreadsheets/d/1jfB4muWkzKTR0daklmf8D5F0Uf_IYAgcx_-Ij9McClQ/edit#gid=0
2020-03-10,higashi osaka,osaka,japan,NA,NA,1,0,1,0,0,0,0,0,0,https://docs.google.com/spreadsheets/d/1jfB4muWkzKTR0daklmf8D5F0Uf_IYAgcx_-Ij9McClQ/edit#gid=0
2020-03-10,himeji,hyogo,japan,34.8154176,134.6855509,2,0,1,1,0,0,1,0,0,https://docs.google.com/spreadsheets/d/1jfB4muWkzKTR0daklmf8D5F0Uf_IYAgcx_-Ij9McClQ/edit#gid=0
2020-03-10,hirakata,osaka,japan,NA,NA,1,0,1,0,0,0,-1,0,0,https://docs.google.com/spreadsheets/d/1jfB4muWkzKTR0daklmf8D5F0Uf_IYAgcx_-Ij9McClQ/edit#gid=0
2020-03-10,"ibaraki, osaka",osaka,japan,NA,NA,1,0,1,0,0,0,0,0,0,https://docs.google.com/spreadsheets/d/1jfB4muWkzKTR0daklmf8D5F0Uf_IYAgcx_-Ij9McClQ/edit#gid=0
2020-03-10,iruma,saitama,japan,NA,NA,2,0,2,0,0,0,1,0,0,https://docs.google.com/spreadsheets/d/1jfB4muWkzKTR0daklmf8D5F0Uf_IYAgcx_-Ij9McClQ/edit#gid=0
2020-03-10,itami,hyogo,japan,34.7843478,135.4009097,2,0,0,2,0,0,0,0,0,https://docs.google.com/spreadsheets/d/1jfB4muWkzKTR0daklmf8D5F0Uf_IYAgcx_-Ij9McClQ/edit#gid=0
2020-03-10,kaizuka,osaka,japan,NA,NA,1,0,1,0,0,0,-1,0,0,https://docs.google.com/spreadsheets/d/1jfB4muWkzKTR0daklmf8D5F0Uf_IYAgcx_-Ij9McClQ/edit#gid=0
2020-03-10,kawagoe,saitama,japan,35.9251335,139.4858042,3,0,3,0,0,0,2,0,0,https://docs.google.com/spreadsheets/d/1jfB4muWkzKTR0daklmf8D5F0Uf_IYAgcx_-Ij9McClQ/edit#gid=0
2020-03-10,kobe,hyogo,japan,34.6900806,135.19563110000001,1,0,1,0,0,0,-2,0,0,https://docs.google.com/spreadsheets/d/1jfB4muWkzKTR0daklmf8D5F0Uf_IYAgcx_-Ij9McClQ/edit#gid=0
2020-03-10,nagoya,aichi,japan,35.18145060000001,136.9065571,10,0,8,0,0,2,9,0,2,https://docs.google.com/spreadsheets/d/1jfB4muWkzKTR0daklmf8D5F0Uf_IYAgcx_-Ij9McClQ/edit#gid=0
2020-03-10,niigata,niigata,japan,37.9161244,139.0363708,3,0,2,1,0,0,-7,0,-2,https://docs.google.com/spreadsheets/d/1jfB4muWkzKTR0daklmf8D5F0Uf_IYAgcx_-Ij9McClQ/edit#gid=0
2020-03-10,osaka,osaka,japan,34.6937249,135.5022535,9,0,9,0,0,0,6,0,0,https://docs.google.com/spreadsheets/d/1jfB4muWkzKTR0daklmf8D5F0Uf_IYAgcx_-Ij9McClQ/edit#gid=0
2020-03-10,owari,aichi,japan,35.3039172,136.8029671,3,0,3,0,0,0,-6,0,0,https://docs.google.com/spreadsheets/d/1jfB4muWkzKTR0daklmf8D5F0Uf_IYAgcx_-Ij9McClQ/edit#gid=0
2020-03-10,sapporo,hokkaido,japan,43.0617713,141.3544507,3,0,3,0,0,0,0,0,0,https://docs.google.com/spreadsheets/d/1jfB4muWkzKTR0daklmf8D5F0Uf_IYAgcx_-Ij9McClQ/edit#gid=0
2020-03-10,takatsuki,osaka,japan,NA,NA,1,0,1,0,0,0,-2,0,0,https://docs.google.com/spreadsheets/d/1jfB4muWkzKTR0daklmf8D5F0Uf_IYAgcx_-Ij9McClQ/edit#gid=0
2020-03-10,toyonaka,osaka,japan,34.7811075,135.469953,1,0,1,0,0,0,0,0,0,https://docs.google.com/spreadsheets/d/1jfB4muWkzKTR0daklmf8D5F0Uf_IYAgcx_-Ij9McClQ/edit#gid=0
2020-03-10,yao,osaka,japan,34.6268613,135.6007522,2,0,2,0,0,0,1,0,0,https://docs.google.com/spreadsheets/d/1jfB4muWkzKTR0daklmf8D5F0Uf_IYAgcx_-Ij9McClQ/edit#gid=0
2020-03-10,NA,chiba,japan,35.6074041,140.1065366,1,0,0,1,0,0,-1,0,0,https://docs.google.com/spreadsheets/d/1jfB4muWkzKTR0daklmf8D5F0Uf_IYAgcx_-Ij9McClQ/edit#gid=0
2020-03-10,NA,kanagawa,japan,35.4913535,139.284143,2,0,2,0,0,0,1,0,0,https://docs.google.com/spreadsheets/d/1jfB4muWkzKTR0daklmf8D5F0Uf_IYAgcx_-Ij9McClQ/edit#gid=0
2020-03-10,NA,nara,japan,NA,NA,1,0,1,0,0,0,-1,0,0,https://docs.google.com/spreadsheets/d/1jfB4muWkzKTR0daklmf8D5F0Uf_IYAgcx_-Ij9McClQ/edit#gid=0
2020-03-10,NA,osaka,japan,34.6937249,135.5022535,1,0,1,0,0,0,0,0,0,https://docs.google.com/spreadsheets/d/1jfB4muWkzKTR0daklmf8D5F0Uf_IYAgcx_-Ij9McClQ/edit#gid=0
2020-03-10,NA,shizuoka,japan,NA,NA,1,0,0,1,0,0,0,0,0,https://docs.google.com/spreadsheets/d/1jfB4muWkzKTR0daklmf8D5F0Uf_IYAgcx_-Ij9McClQ/edit#gid=0
2020-03-10,NA,tokyo,japan,35.6761919,139.6503106,3,0,3,0,0,0,2,0,0,https://docs.google.com/spreadsheets/d/1jfB4muWkzKTR0daklmf8D5F0Uf_IYAgcx_-Ij9McClQ/edit#gid=0
2020-03-11,amagasaki,hyogo,japan,NA,NA,1,0,1,0,0,0,-2,0,0,https://docs.google.com/spreadsheets/d/1jfB4muWkzKTR0daklmf8D5F0Uf_IYAgcx_-Ij9McClQ/edit#gid=0
2020-03-11,asahikawa,hokkaido,japan,43.7708833,142.3650083,1,0,1,0,0,0,0,0,0,https://docs.google.com/spreadsheets/d/1jfB4muWkzKTR0daklmf8D5F0Uf_IYAgcx_-Ij9McClQ/edit#gid=0
2020-03-11,ashiya,hyogo,japan,34.726954,135.3041271,2,0,2,0,0,0,1,0,0,https://docs.google.com/spreadsheets/d/1jfB4muWkzKTR0daklmf8D5F0Uf_IYAgcx_-Ij9McClQ/edit#gid=0
2020-03-11,fujisawa,kanagawa,japan,35.3391654,139.49014,2,0,2,0,0,0,0,0,0,https://docs.google.com/spreadsheets/d/1jfB4muWkzKTR0daklmf8D5F0Uf_IYAgcx_-Ij9McClQ/edit#gid=0
2020-03-11,himeji,hyogo,japan,34.8154176,134.6855509,2,0,0,2,0,0,0,0,0,https://docs.google.com/spreadsheets/d/1jfB4muWkzKTR0daklmf8D5F0Uf_IYAgcx_-Ij9McClQ/edit#gid=0
2020-03-11,iga,mie,japan,34.7685703,136.1298712,5,0,0,5,0,0,3,0,0,https://docs.google.com/spreadsheets/d/1jfB4muWkzKTR0daklmf8D5F0Uf_IYAgcx_-Ij9McClQ/edit#gid=0
2020-03-11,ikeda,osaka,japan,NA,NA,1,0,1,0,0,0,-4,0,0,https://docs.google.com/spreadsheets/d/1jfB4muWkzKTR0daklmf8D5F0Uf_IYAgcx_-Ij9McClQ/edit#gid=0
2020-03-11,kobe,hyogo,japan,34.6900806,135.19563110000001,2,0,2,0,0,0,1,0,0,https://docs.google.com/spreadsheets/d/1jfB4muWkzKTR0daklmf8D5F0Uf_IYAgcx_-Ij9McClQ/edit#gid=0
2020-03-11,kyoto-shi,kyoto,japan,35.011564,135.7681489,1,0,1,0,0,0,-1,0,0,https://docs.google.com/spreadsheets/d/1jfB4muWkzKTR0daklmf8D5F0Uf_IYAgcx_-Ij9McClQ/edit#gid=0
2020-03-11,matsudo,chiba,japan,35.7876663,139.9033248,2,0,2,0,0,0,1,0,0,https://docs.google.com/spreadsheets/d/1jfB4muWkzKTR0daklmf8D5F0Uf_IYAgcx_-Ij9McClQ/edit#gid=0
2020-03-11,matsuhara,osaka,japan,NA,NA,1,0,1,0,0,0,-1,0,0,https://docs.google.com/spreadsheets/d/1jfB4muWkzKTR0daklmf8D5F0Uf_IYAgcx_-Ij9McClQ/edit#gid=0
2020-03-11,minami ku,kyoto,japan,34.9661615,135.7378854,1,0,1,0,0,0,0,0,0,https://docs.google.com/spreadsheets/d/1jfB4muWkzKTR0daklmf8D5F0Uf_IYAgcx_-Ij9McClQ/edit#gid=0
2020-03-11,nagoya,aichi,japan,35.18145060000001,136.9065571,4,0,3,0,0,1,3,0,1,https://docs.google.com/spreadsheets/d/1jfB4muWkzKTR0daklmf8D5F0Uf_IYAgcx_-Ij9McClQ/edit#gid=0
2020-03-11,nara,nara,japan,34.685109,135.8048019,1,0,1,0,0,0,-3,0,-1,https://docs.google.com/spreadsheets/d/1jfB4muWkzKTR0daklmf8D5F0Uf_IYAgcx_-Ij9McClQ/edit#gid=0
2020-03-11,ohotsuku region,hokkaido,japan,NA,NA,1,0,1,0,0,0,0,0,0,https://docs.google.com/spreadsheets/d/1jfB4muWkzKTR0daklmf8D5F0Uf_IYAgcx_-Ij9McClQ/edit#gid=0
2020-03-11,okazaki,aichi,japan,34.9548536,137.1730774,2,0,2,0,0,0,1,0,0,https://docs.google.com/spreadsheets/d/1jfB4muWkzKTR0daklmf8D5F0Uf_IYAgcx_-Ij9McClQ/edit#gid=0
2020-03-11,osaka,osaka,japan,34.6937249,135.5022535,1,0,1,0,0,0,-1,0,0,https://docs.google.com/spreadsheets/d/1jfB4muWkzKTR0daklmf8D5F0Uf_IYAgcx_-Ij9McClQ/edit#gid=0
2020-03-11,owari,aichi,japan,35.3039172,136.8029671,1,0,1,0,0,0,0,0,0,https://docs.google.com/spreadsheets/d/1jfB4muWkzKTR0daklmf8D5F0Uf_IYAgcx_-Ij9McClQ/edit#gid=0
2020-03-11,saitama,saitama,japan,35.8616486,139.6454782,1,0,1,0,0,0,0,0,0,https://docs.google.com/spreadsheets/d/1jfB4muWkzKTR0daklmf8D5F0Uf_IYAgcx_-Ij9McClQ/edit#gid=0
2020-03-11,sapporo,hokkaido,japan,43.0617713,141.3544507,4,0,4,0,0,0,3,0,0,https://docs.google.com/spreadsheets/d/1jfB4muWkzKTR0daklmf8D5F0Uf_IYAgcx_-Ij9McClQ/edit#gid=0
2020-03-11,sorachi region,hokkaido,japan,NA,NA,1,0,1,0,0,0,-3,0,0,https://docs.google.com/spreadsheets/d/1jfB4muWkzKTR0daklmf8D5F0Uf_IYAgcx_-Ij9McClQ/edit#gid=0
2020-03-11,suita,osaka,japan,34.7593593,135.5164769,1,0,1,0,0,0,0,0,0,https://docs.google.com/spreadsheets/d/1jfB4muWkzKTR0daklmf8D5F0Uf_IYAgcx_-Ij9McClQ/edit#gid=0
2020-03-11,takarazuka,hyogo,japan,34.7999842,135.3602593,3,0,2,0,0,1,2,0,1,https://docs.google.com/spreadsheets/d/1jfB4muWkzKTR0daklmf8D5F0Uf_IYAgcx_-Ij9McClQ/edit#gid=0
2020-03-11,toda,saitama,japan,35.8175849,139.6777785,1,0,1,0,0,0,-2,0,-1,https://docs.google.com/spreadsheets/d/1jfB4muWkzKTR0daklmf8D5F0Uf_IYAgcx_-Ij9McClQ/edit#gid=0
2020-03-11,tokyo,tokyo,japan,35.6803997,139.7690174,6,0,6,0,0,0,5,0,0,https://docs.google.com/spreadsheets/d/1jfB4muWkzKTR0daklmf8D5F0Uf_IYAgcx_-Ij9McClQ/edit#gid=0
2020-03-11,toyonaka,osaka,japan,34.7811075,135.469953,3,0,3,0,0,0,-3,0,0,https://docs.google.com/spreadsheets/d/1jfB4muWkzKTR0daklmf8D5F0Uf_IYAgcx_-Ij9McClQ/edit#gid=0
2020-03-11,yokohama,kanagawa,japan,35.4436739,139.6379639,1,0,0,1,0,0,-2,0,0,https://docs.google.com/spreadsheets/d/1jfB4muWkzKTR0daklmf8D5F0Uf_IYAgcx_-Ij9McClQ/edit#gid=0
2020-03-12,himeji,hyogo,japan,34.8154176,134.6855509,4,0,0,4,0,0,3,0,0,https://docs.google.com/spreadsheets/d/1jfB4muWkzKTR0daklmf8D5F0Uf_IYAgcx_-Ij9McClQ/edit#gid=0
2020-03-12,ichikawa,chiba,japan,35.7135721,139.9279808,1,0,0,1,0,0,-3,0,0,https://docs.google.com/spreadsheets/d/1jfB4muWkzKTR0daklmf8D5F0Uf_IYAgcx_-Ij9McClQ/edit#gid=0
2020-03-12,itami,hyogo,japan,34.7843478,135.4009097,1,0,1,0,0,0,0,0,0,https://docs.google.com/spreadsheets/d/1jfB4muWkzKTR0daklmf8D5F0Uf_IYAgcx_-Ij9McClQ/edit#gid=0
2020-03-12,izumi,osaka,japan,34.4832989,135.4237749,2,0,2,0,0,0,1,0,0,https://docs.google.com/spreadsheets/d/1jfB4muWkzKTR0daklmf8D5F0Uf_IYAgcx_-Ij9McClQ/edit#gid=0
2020-03-12,kawasaki,kanagawa,japan,NA,NA,1,0,1,0,0,0,-1,0,0,https://docs.google.com/spreadsheets/d/1jfB4muWkzKTR0daklmf8D5F0Uf_IYAgcx_-Ij9McClQ/edit#gid=0
2020-03-12,kobe,hyogo,japan,34.6900806,135.19563110000001,1,0,1,0,0,0,0,0,0,https://docs.google.com/spreadsheets/d/1jfB4muWkzKTR0daklmf8D5F0Uf_IYAgcx_-Ij9McClQ/edit#gid=0
2020-03-12,koshigaya,saitama,japan,35.889699,139.7914855,1,0,1,0,0,0,0,0,0,https://docs.google.com/spreadsheets/d/1jfB4muWkzKTR0daklmf8D5F0Uf_IYAgcx_-Ij9McClQ/edit#gid=0
2020-03-12,kyoto-shi,kyoto,japan,35.011564,135.7681489,1,0,0,1,0,0,0,0,0,https://docs.google.com/spreadsheets/d/1jfB4muWkzKTR0daklmf8D5F0Uf_IYAgcx_-Ij9McClQ/edit#gid=0
2020-03-12,matsudo,chiba,japan,35.7876663,139.9033248,1,0,0,1,0,0,0,0,0,https://docs.google.com/spreadsheets/d/1jfB4muWkzKTR0daklmf8D5F0Uf_IYAgcx_-Ij9McClQ/edit#gid=0
2020-03-12,niigata,niigata,japan,37.9161244,139.0363708,3,0,3,0,0,0,2,0,0,https://docs.google.com/spreadsheets/d/1jfB4muWkzKTR0daklmf8D5F0Uf_IYAgcx_-Ij9McClQ/edit#gid=0
2020-03-12,osaka,osaka,japan,34.6937249,135.5022535,3,0,3,0,0,0,0,0,0,https://docs.google.com/spreadsheets/d/1jfB4muWkzKTR0daklmf8D5F0Uf_IYAgcx_-Ij9McClQ/edit#gid=0
2020-03-12,otaru,hokkaido,japan,43.1902372,140.994172,1,0,1,0,0,0,-2,0,0,https://docs.google.com/spreadsheets/d/1jfB4muWkzKTR0daklmf8D5F0Uf_IYAgcx_-Ij9McClQ/edit#gid=0
2020-03-12,saitama,saitama,japan,35.8616486,139.6454782,2,0,2,0,0,0,1,0,0,https://docs.google.com/spreadsheets/d/1jfB4muWkzKTR0daklmf8D5F0Uf_IYAgcx_-Ij9McClQ/edit#gid=0
2020-03-12,sapporo,hokkaido,japan,43.0617713,141.3544507,9,0,5,4,0,0,7,0,0,https://docs.google.com/spreadsheets/d/1jfB4muWkzKTR0daklmf8D5F0Uf_IYAgcx_-Ij9McClQ/edit#gid=0
2020-03-12,sapporo,NA,japan,NA,NA,1,0,0,0,0,1,-8,0,1,https://docs.google.com/spreadsheets/d/1jfB4muWkzKTR0daklmf8D5F0Uf_IYAgcx_-Ij9McClQ/edit#gid=0
2020-03-12,suita,osaka,japan,34.7593593,135.5164769,1,0,1,0,0,0,0,0,-1,https://docs.google.com/spreadsheets/d/1jfB4muWkzKTR0daklmf8D5F0Uf_IYAgcx_-Ij9McClQ/edit#gid=0
2020-03-12,takarazuka,hyogo,japan,34.7999842,135.3602593,3,0,3,0,0,0,2,0,0,https://docs.google.com/spreadsheets/d/1jfB4muWkzKTR0daklmf8D5F0Uf_IYAgcx_-Ij9McClQ/edit#gid=0
2020-03-12,toda,saitama,japan,35.8175849,139.6777785,3,0,3,0,0,0,0,0,0,https://docs.google.com/spreadsheets/d/1jfB4muWkzKTR0daklmf8D5F0Uf_IYAgcx_-Ij9McClQ/edit#gid=0
2020-03-12,toyoda,aichi,japan,NA,NA,1,0,1,0,0,0,-2,0,0,https://docs.google.com/spreadsheets/d/1jfB4muWkzKTR0daklmf8D5F0Uf_IYAgcx_-Ij9McClQ/edit#gid=0
2020-03-12,yao,osaka,japan,34.6268613,135.6007522,2,0,2,0,0,0,1,0,0,https://docs.google.com/spreadsheets/d/1jfB4muWkzKTR0daklmf8D5F0Uf_IYAgcx_-Ij9McClQ/edit#gid=0
2020-03-12,yokohama,kanagawa,japan,35.4436739,139.6379639,2,0,2,0,0,0,0,0,0,https://docs.google.com/spreadsheets/d/1jfB4muWkzKTR0daklmf8D5F0Uf_IYAgcx_-Ij9McClQ/edit#gid=0
2020-03-12,NA,aichi,japan,35.0182505,137.2923893,1,0,1,0,0,0,-1,0,0,https://docs.google.com/spreadsheets/d/1jfB4muWkzKTR0daklmf8D5F0Uf_IYAgcx_-Ij9McClQ/edit#gid=0
2020-03-12,NA,gunma,japan,36.5605388,138.8799972,2,0,2,0,0,0,1,0,0,https://docs.google.com/spreadsheets/d/1jfB4muWkzKTR0daklmf8D5F0Uf_IYAgcx_-Ij9McClQ/edit#gid=0
2020-03-12,NA,osaka,japan,34.6937249,135.5022535,1,0,1,0,0,0,-1,0,0,https://docs.google.com/spreadsheets/d/1jfB4muWkzKTR0daklmf8D5F0Uf_IYAgcx_-Ij9McClQ/edit#gid=0
2020-03-12,NA,tokyo,japan,35.6761919,139.6503106,2,0,2,0,0,0,1,0,0,https://docs.google.com/spreadsheets/d/1jfB4muWkzKTR0daklmf8D5F0Uf_IYAgcx_-Ij9McClQ/edit#gid=0
2020-03-13,handa,aichi,japan,34.8917477,136.9379123,1,0,1,0,0,0,-1,0,0,https://docs.google.com/spreadsheets/d/1jfB4muWkzKTR0daklmf8D5F0Uf_IYAgcx_-Ij9McClQ/edit#gid=0
2020-03-13,haneda,chiba,japan,35.5493932,139.7798386,1,0,1,0,0,0,0,0,0,https://docs.google.com/spreadsheets/d/1jfB4muWkzKTR0daklmf8D5F0Uf_IYAgcx_-Ij9McClQ/edit#gid=0
2020-03-13,himeji,hyogo,japan,34.8154176,134.6855509,1,0,1,0,0,0,0,0,0,https://docs.google.com/spreadsheets/d/1jfB4muWkzKTR0daklmf8D5F0Uf_IYAgcx_-Ij9McClQ/edit#gid=0
2020-03-13,itami,hyogo,japan,34.7843478,135.4009097,3,0,2,1,0,0,2,0,0,https://docs.google.com/spreadsheets/d/1jfB4muWkzKTR0daklmf8D5F0Uf_IYAgcx_-Ij9McClQ/edit#gid=0
2020-03-13,kakogawa,hyogo,japan,NA,NA,1,0,1,0,0,0,-2,0,0,https://docs.google.com/spreadsheets/d/1jfB4muWkzKTR0daklmf8D5F0Uf_IYAgcx_-Ij9McClQ/edit#gid=0
2020-03-13,kanagawa,kanagawa,japan,35.4913535,139.284143,1,0,1,0,0,0,0,0,0,https://docs.google.com/spreadsheets/d/1jfB4muWkzKTR0daklmf8D5F0Uf_IYAgcx_-Ij9McClQ/edit#gid=0
2020-03-13,kawaguchi,saitama,japan,35.8077356,139.7241874,1,0,1,0,0,0,0,0,0,https://docs.google.com/spreadsheets/d/1jfB4muWkzKTR0daklmf8D5F0Uf_IYAgcx_-Ij9McClQ/edit#gid=0
2020-03-13,kobe,hyogo,japan,34.6900806,135.19563110000001,12,0,9,3,0,0,11,0,0,https://docs.google.com/spreadsheets/d/1jfB4muWkzKTR0daklmf8D5F0Uf_IYAgcx_-Ij9McClQ/edit#gid=0
2020-03-13,matsudo,chiba,japan,35.7876663,139.9033248,2,0,1,1,0,0,-10,0,0,https://docs.google.com/spreadsheets/d/1jfB4muWkzKTR0daklmf8D5F0Uf_IYAgcx_-Ij9McClQ/edit#gid=0
2020-03-13,osaka,osaka,japan,34.6937249,135.5022535,3,0,3,0,0,0,1,0,0,https://docs.google.com/spreadsheets/d/1jfB4muWkzKTR0daklmf8D5F0Uf_IYAgcx_-Ij9McClQ/edit#gid=0
2020-03-13,saga city,saga,japan,NA,NA,1,0,1,0,0,0,-2,0,0,https://docs.google.com/spreadsheets/d/1jfB4muWkzKTR0daklmf8D5F0Uf_IYAgcx_-Ij9McClQ/edit#gid=0
2020-03-13,sapporo,hokkaido,japan,43.0617713,141.3544507,6,0,6,0,0,0,5,0,0,https://docs.google.com/spreadsheets/d/1jfB4muWkzKTR0daklmf8D5F0Uf_IYAgcx_-Ij9McClQ/edit#gid=0
2020-03-13,soka,saitama,japan,NA,NA,1,0,1,0,0,0,-5,0,0,https://docs.google.com/spreadsheets/d/1jfB4muWkzKTR0daklmf8D5F0Uf_IYAgcx_-Ij9McClQ/edit#gid=0
2020-03-13,sosa,chiba,japan,NA,NA,1,0,0,1,0,0,0,0,0,https://docs.google.com/spreadsheets/d/1jfB4muWkzKTR0daklmf8D5F0Uf_IYAgcx_-Ij9McClQ/edit#gid=0
2020-03-13,sousa,chiba,japan,35.7079052,140.5643284,1,0,1,0,0,0,0,0,0,https://docs.google.com/spreadsheets/d/1jfB4muWkzKTR0daklmf8D5F0Uf_IYAgcx_-Ij9McClQ/edit#gid=0
2020-03-13,takarazuka,hyogo,japan,34.7999842,135.3602593,1,0,1,0,0,0,0,0,0,https://docs.google.com/spreadsheets/d/1jfB4muWkzKTR0daklmf8D5F0Uf_IYAgcx_-Ij9McClQ/edit#gid=0
2020-03-13,tokyo,tokyo,japan,35.6803997,139.7690174,2,0,2,0,0,0,1,0,0,https://docs.google.com/spreadsheets/d/1jfB4muWkzKTR0daklmf8D5F0Uf_IYAgcx_-Ij9McClQ/edit#gid=0
2020-03-13,NA,hokkaido,japan,43.2203266,142.8634737,3,0,3,0,0,0,1,0,0,https://docs.google.com/spreadsheets/d/1jfB4muWkzKTR0daklmf8D5F0Uf_IYAgcx_-Ij9McClQ/edit#gid=0
2020-03-14,amagasaki,hyogo,japan,NA,NA,1,0,1,0,0,0,-2,0,0,https://docs.google.com/spreadsheets/d/1jfB4muWkzKTR0daklmf8D5F0Uf_IYAgcx_-Ij9McClQ/edit#gid=0
2020-03-14,ashiya,hyogo,japan,34.726954,135.3041271,2,0,2,0,0,0,1,0,0,https://docs.google.com/spreadsheets/d/1jfB4muWkzKTR0daklmf8D5F0Uf_IYAgcx_-Ij9McClQ/edit#gid=0
2020-03-14,daito,osaka,japan,NA,NA,1,0,1,0,0,0,-1,0,0,https://docs.google.com/spreadsheets/d/1jfB4muWkzKTR0daklmf8D5F0Uf_IYAgcx_-Ij9McClQ/edit#gid=0
2020-03-14,ibaraki,osaka,japan,NA,NA,1,0,1,0,0,0,0,0,0,https://docs.google.com/spreadsheets/d/1jfB4muWkzKTR0daklmf8D5F0Uf_IYAgcx_-Ij9McClQ/edit#gid=0
2020-03-14,iruma,saitama,japan,NA,NA,1,0,1,0,0,0,0,0,0,https://docs.google.com/spreadsheets/d/1jfB4muWkzKTR0daklmf8D5F0Uf_IYAgcx_-Ij9McClQ/edit#gid=0
2020-03-14,itami,hyogo,japan,34.7843478,135.4009097,3,0,3,0,0,0,2,0,0,https://docs.google.com/spreadsheets/d/1jfB4muWkzKTR0daklmf8D5F0Uf_IYAgcx_-Ij9McClQ/edit#gid=0
2020-03-14,izumisano,osaka,japan,34.4068926,135.3273027,1,0,1,0,0,0,-2,0,0,https://docs.google.com/spreadsheets/d/1jfB4muWkzKTR0daklmf8D5F0Uf_IYAgcx_-Ij9McClQ/edit#gid=0
2020-03-14,kadoma,osaka,japan,34.739572,135.5868996,1,0,1,0,0,0,0,0,0,https://docs.google.com/spreadsheets/d/1jfB4muWkzKTR0daklmf8D5F0Uf_IYAgcx_-Ij9McClQ/edit#gid=0
2020-03-14,koriyama,fukushima,japan,NA,NA,1,0,1,0,0,0,0,0,0,https://docs.google.com/spreadsheets/d/1jfB4muWkzKTR0daklmf8D5F0Uf_IYAgcx_-Ij9McClQ/edit#gid=0
2020-03-14,koshigaya,saitama,japan,35.889699,139.7914855,5,0,5,0,0,0,4,0,0,https://docs.google.com/spreadsheets/d/1jfB4muWkzKTR0daklmf8D5F0Uf_IYAgcx_-Ij9McClQ/edit#gid=0
2020-03-14,matusmoto,nagano,japan,NA,NA,1,0,1,0,0,0,-4,0,0,https://docs.google.com/spreadsheets/d/1jfB4muWkzKTR0daklmf8D5F0Uf_IYAgcx_-Ij9McClQ/edit#gid=0
2020-03-14,mita,hyogo,japan,NA,NA,1,0,1,0,0,0,0,0,0,https://docs.google.com/spreadsheets/d/1jfB4muWkzKTR0daklmf8D5F0Uf_IYAgcx_-Ij9McClQ/edit#gid=0
2020-03-14,nagoya,aichi,japan,35.18145060000001,136.9065571,8,0,8,0,0,0,7,0,0,https://docs.google.com/spreadsheets/d/1jfB4muWkzKTR0daklmf8D5F0Uf_IYAgcx_-Ij9McClQ/edit#gid=0
2020-03-14,niigata,niigata,japan,37.9161244,139.0363708,2,0,2,0,0,0,-6,0,0,https://docs.google.com/spreadsheets/d/1jfB4muWkzKTR0daklmf8D5F0Uf_IYAgcx_-Ij9McClQ/edit#gid=0
2020-03-14,niiza,saitama,japan,NA,NA,1,0,1,0,0,0,-1,0,0,https://docs.google.com/spreadsheets/d/1jfB4muWkzKTR0daklmf8D5F0Uf_IYAgcx_-Ij9McClQ/edit#gid=0
2020-03-14,oizumi,gunma,japan,36.248156,139.4051519,2,0,0,2,0,0,1,0,0,https://docs.google.com/spreadsheets/d/1jfB4muWkzKTR0daklmf8D5F0Uf_IYAgcx_-Ij9McClQ/edit#gid=0
2020-03-14,osaka,osaka,japan,34.6937249,135.5022535,3,0,2,1,0,0,1,0,0,https://docs.google.com/spreadsheets/d/1jfB4muWkzKTR0daklmf8D5F0Uf_IYAgcx_-Ij9McClQ/edit#gid=0
2020-03-14,sapporo,hokkaido,japan,43.0617713,141.3544507,7,0,6,0,0,1,4,0,1,https://docs.google.com/spreadsheets/d/1jfB4muWkzKTR0daklmf8D5F0Uf_IYAgcx_-Ij9McClQ/edit#gid=0
2020-03-14,sosa,chiba,japan,NA,NA,2,0,2,0,0,0,-5,0,-1,https://docs.google.com/spreadsheets/d/1jfB4muWkzKTR0daklmf8D5F0Uf_IYAgcx_-Ij9McClQ/edit#gid=0
2020-03-14,suita,osaka,japan,34.7593593,135.5164769,2,0,2,0,0,0,0,0,0,https://docs.google.com/spreadsheets/d/1jfB4muWkzKTR0daklmf8D5F0Uf_IYAgcx_-Ij9McClQ/edit#gid=0
2020-03-14,takarazuka,hyogo,japan,34.7999842,135.3602593,2,0,2,0,0,0,0,0,0,https://docs.google.com/spreadsheets/d/1jfB4muWkzKTR0daklmf8D5F0Uf_IYAgcx_-Ij9McClQ/edit#gid=0
2020-03-14,yao,osaka,japan,34.6268613,135.6007522,1,0,1,0,0,0,-1,0,0,https://docs.google.com/spreadsheets/d/1jfB4muWkzKTR0daklmf8D5F0Uf_IYAgcx_-Ij9McClQ/edit#gid=0
2020-03-14,NA,chiba,japan,35.6074041,140.1065366,1,0,1,0,0,0,0,0,0,https://docs.google.com/spreadsheets/d/1jfB4muWkzKTR0daklmf8D5F0Uf_IYAgcx_-Ij9McClQ/edit#gid=0
2020-03-14,NA,hyogo,japan,34.8579518,134.5453787,2,0,1,1,0,0,1,0,0,https://docs.google.com/spreadsheets/d/1jfB4muWkzKTR0daklmf8D5F0Uf_IYAgcx_-Ij9McClQ/edit#gid=0
2020-03-14,NA,nagasaki,japan,NA,NA,1,0,1,0,0,0,-1,0,0,https://docs.google.com/spreadsheets/d/1jfB4muWkzKTR0daklmf8D5F0Uf_IYAgcx_-Ij9McClQ/edit#gid=0
2020-03-14,NA,tokyo,japan,35.6761919,139.6503106,10,0,9,1,0,0,9,0,0,https://docs.google.com/spreadsheets/d/1jfB4muWkzKTR0daklmf8D5F0Uf_IYAgcx_-Ij9McClQ/edit#gid=0
2020-03-15,higashiomi,shiga,japan,35.112626,136.2075751,1,0,1,0,0,0,-9,0,0,https://docs.google.com/spreadsheets/d/1jfB4muWkzKTR0daklmf8D5F0Uf_IYAgcx_-Ij9McClQ/edit#gid=0
2020-03-15,itami,hyogo,japan,34.7843478,135.4009097,4,0,4,0,0,0,3,0,0,https://docs.google.com/spreadsheets/d/1jfB4muWkzKTR0daklmf8D5F0Uf_IYAgcx_-Ij9McClQ/edit#gid=0
2020-03-15,kamkura,kanagawa,japan,NA,NA,1,0,1,0,0,0,-3,0,0,https://docs.google.com/spreadsheets/d/1jfB4muWkzKTR0daklmf8D5F0Uf_IYAgcx_-Ij9McClQ/edit#gid=0
2020-03-15,kobe,hyogo,japan,34.6900806,135.19563110000001,4,0,2,2,0,0,3,0,0,https://docs.google.com/spreadsheets/d/1jfB4muWkzKTR0daklmf8D5F0Uf_IYAgcx_-Ij9McClQ/edit#gid=0
2020-03-15,kuwana,mie,japan,NA,NA,1,0,0,1,0,0,-3,0,0,https://docs.google.com/spreadsheets/d/1jfB4muWkzKTR0daklmf8D5F0Uf_IYAgcx_-Ij9McClQ/edit#gid=0
2020-03-15,nagoya,aichi,japan,35.18145060000001,136.9065571,2,0,1,0,0,1,1,0,1,https://docs.google.com/spreadsheets/d/1jfB4muWkzKTR0daklmf8D5F0Uf_IYAgcx_-Ij9McClQ/edit#gid=0
2020-03-15,nagoya,NA,japan,NA,NA,2,0,0,0,0,2,0,0,1,https://docs.google.com/spreadsheets/d/1jfB4muWkzKTR0daklmf8D5F0Uf_IYAgcx_-Ij9McClQ/edit#gid=0
2020-03-15,okhotsk sea side,hokkaido,japan,NA,NA,2,0,2,0,0,0,0,0,-2,https://docs.google.com/spreadsheets/d/1jfB4muWkzKTR0daklmf8D5F0Uf_IYAgcx_-Ij9McClQ/edit#gid=0
2020-03-15,osaka-shi,osaka,japan,34.6937249,135.5022535,3,0,3,0,0,0,1,0,0,https://docs.google.com/spreadsheets/d/1jfB4muWkzKTR0daklmf8D5F0Uf_IYAgcx_-Ij9McClQ/edit#gid=0
2020-03-15,sagamihara,kanagawa,japan,35.5712568,139.373427,4,0,0,2,2,0,1,0,0,https://docs.google.com/spreadsheets/d/1jfB4muWkzKTR0daklmf8D5F0Uf_IYAgcx_-Ij9McClQ/edit#gid=0
2020-03-15,sorachi,hokkaido,japan,43.438166,142.4547748,1,0,0,1,0,0,-3,0,0,https://docs.google.com/spreadsheets/d/1jfB4muWkzKTR0daklmf8D5F0Uf_IYAgcx_-Ij9McClQ/edit#gid=0
2020-03-15,takarazuka,hyogo,japan,34.7999842,135.3602593,3,0,3,0,0,0,2,0,0,https://docs.google.com/spreadsheets/d/1jfB4muWkzKTR0daklmf8D5F0Uf_IYAgcx_-Ij9McClQ/edit#gid=0
2020-03-15,tokyo,tokyo,japan,35.6803997,139.7690174,3,0,3,0,0,0,0,0,0,https://docs.google.com/spreadsheets/d/1jfB4muWkzKTR0daklmf8D5F0Uf_IYAgcx_-Ij9McClQ/edit#gid=0
2020-03-15,tomakomai,hokkaido,japan,NA,NA,1,0,1,0,0,0,-2,0,0,https://docs.google.com/spreadsheets/d/1jfB4muWkzKTR0daklmf8D5F0Uf_IYAgcx_-Ij9McClQ/edit#gid=0
2020-03-15,wakayama,wakayama,japan,34.2303678,135.1707405,1,0,1,0,0,0,0,0,0,https://docs.google.com/spreadsheets/d/1jfB4muWkzKTR0daklmf8D5F0Uf_IYAgcx_-Ij9McClQ/edit#gid=0
2020-03-15,yao,osaka,japan,34.6268613,135.6007522,1,0,1,0,0,0,0,0,0,https://docs.google.com/spreadsheets/d/1jfB4muWkzKTR0daklmf8D5F0Uf_IYAgcx_-Ij9McClQ/edit#gid=0
2020-03-15,yokosuka,kanagawa,japan,NA,NA,1,0,1,0,0,0,0,0,0,https://docs.google.com/spreadsheets/d/1jfB4muWkzKTR0daklmf8D5F0Uf_IYAgcx_-Ij9McClQ/edit#gid=0
2020-03-15,NA,NA,japan,36.204824,138.252924,1,0,0,0,0,1,0,0,1,https://docs.google.com/spreadsheets/d/1jfB4muWkzKTR0daklmf8D5F0Uf_IYAgcx_-Ij9McClQ/edit#gid=0
2020-03-16,amagasaki,hyogo,japan,NA,NA,1,0,1,0,0,0,0,0,-1,https://docs.google.com/spreadsheets/d/1jfB4muWkzKTR0daklmf8D5F0Uf_IYAgcx_-Ij9McClQ/edit#gid=0
2020-03-16,higashiomi,shiga,japan,35.112626,136.2075751,1,0,1,0,0,0,0,0,0,https://docs.google.com/spreadsheets/d/1jfB4muWkzKTR0daklmf8D5F0Uf_IYAgcx_-Ij9McClQ/edit#gid=0
2020-03-16,iga,mie,japan,34.7685703,136.1298712,1,0,0,1,0,0,0,0,0,https://docs.google.com/spreadsheets/d/1jfB4muWkzKTR0daklmf8D5F0Uf_IYAgcx_-Ij9McClQ/edit#gid=0
2020-03-16,kasai,hyogo,japan,NA,NA,1,0,1,0,0,0,0,0,0,https://docs.google.com/spreadsheets/d/1jfB4muWkzKTR0daklmf8D5F0Uf_IYAgcx_-Ij9McClQ/edit#gid=0
2020-03-16,kobe,hyogo,japan,34.6900806,135.19563110000001,1,0,1,0,0,0,0,0,0,https://docs.google.com/spreadsheets/d/1jfB4muWkzKTR0daklmf8D5F0Uf_IYAgcx_-Ij9McClQ/edit#gid=0
2020-03-16,kyoto-shi,kyoto,japan,35.011564,135.7681489,1,0,1,0,0,0,0,0,0,https://docs.google.com/spreadsheets/d/1jfB4muWkzKTR0daklmf8D5F0Uf_IYAgcx_-Ij9McClQ/edit#gid=0
2020-03-16,nagoya,aichi,japan,35.18145060000001,136.9065571,1,0,1,0,0,0,0,0,0,https://docs.google.com/spreadsheets/d/1jfB4muWkzKTR0daklmf8D5F0Uf_IYAgcx_-Ij9McClQ/edit#gid=0
2020-03-16,nagoya,NA,japan,NA,NA,2,0,0,0,0,2,1,0,2,https://docs.google.com/spreadsheets/d/1jfB4muWkzKTR0daklmf8D5F0Uf_IYAgcx_-Ij9McClQ/edit#gid=0
2020-03-16,nigata-shi,niigata,japan,NA,NA,1,0,1,0,0,0,-1,0,-2,https://docs.google.com/spreadsheets/d/1jfB4muWkzKTR0daklmf8D5F0Uf_IYAgcx_-Ij9McClQ/edit#gid=0
2020-03-16,oizumi,gunma,japan,36.248156,139.4051519,1,0,1,0,0,0,0,0,0,https://docs.google.com/spreadsheets/d/1jfB4muWkzKTR0daklmf8D5F0Uf_IYAgcx_-Ij9McClQ/edit#gid=0
2020-03-16,okhotsk,hokkaido,japan,43.2203266,142.8634737,1,0,1,0,0,0,0,0,0,https://docs.google.com/spreadsheets/d/1jfB4muWkzKTR0daklmf8D5F0Uf_IYAgcx_-Ij9McClQ/edit#gid=0
2020-03-16,sagamihara,kanagawa,japan,35.5712568,139.373427,1,0,1,0,0,0,0,0,0,https://docs.google.com/spreadsheets/d/1jfB4muWkzKTR0daklmf8D5F0Uf_IYAgcx_-Ij9McClQ/edit#gid=0
2020-03-16,sapporo,hokkaido,japan,43.0617713,141.3544507,3,0,3,0,0,0,2,0,0,https://docs.google.com/spreadsheets/d/1jfB4muWkzKTR0daklmf8D5F0Uf_IYAgcx_-Ij9McClQ/edit#gid=0
2020-03-16,yokohama,kanagawa,japan,35.4436739,139.6379639,1,0,0,1,0,0,-2,0,0,https://docs.google.com/spreadsheets/d/1jfB4muWkzKTR0daklmf8D5F0Uf_IYAgcx_-Ij9McClQ/edit#gid=0
2020-03-16,NA,hyogo,japan,34.8579518,134.5453787,1,0,1,0,0,0,0,0,0,https://docs.google.com/spreadsheets/d/1jfB4muWkzKTR0daklmf8D5F0Uf_IYAgcx_-Ij9McClQ/edit#gid=0
2020-03-16,NA,osaka,japan,34.6937249,135.5022535,2,0,2,0,0,0,1,0,0,https://docs.google.com/spreadsheets/d/1jfB4muWkzKTR0daklmf8D5F0Uf_IYAgcx_-Ij9McClQ/edit#gid=0
2020-03-17,fukaya,saitama,japan,36.19748149999999,139.2814476,2,0,2,0,0,0,0,0,0,https://docs.google.com/spreadsheets/d/1jfB4muWkzKTR0daklmf8D5F0Uf_IYAgcx_-Ij9McClQ/edit#gid=0
2020-03-17,fukuoka city,fukuoka,japan,NA,NA,1,0,1,0,0,0,-1,0,0,https://docs.google.com/spreadsheets/d/1jfB4muWkzKTR0daklmf8D5F0Uf_IYAgcx_-Ij9McClQ/edit#gid=0
2020-03-17,hitachinaka,ibaraki,japan,36.39665060000001,140.5347934,1,0,1,0,0,0,0,0,0,https://docs.google.com/spreadsheets/d/1jfB4muWkzKTR0daklmf8D5F0Uf_IYAgcx_-Ij9McClQ/edit#gid=0
2020-03-17,kiyosu,aichi,japan,NA,NA,1,0,1,0,0,0,0,0,0,https://docs.google.com/spreadsheets/d/1jfB4muWkzKTR0daklmf8D5F0Uf_IYAgcx_-Ij9McClQ/edit#gid=0
2020-03-17,kobe,hyogo,japan,34.6900806,135.19563110000001,2,0,0,2,0,0,1,0,0,https://docs.google.com/spreadsheets/d/1jfB4muWkzKTR0daklmf8D5F0Uf_IYAgcx_-Ij9McClQ/edit#gid=0
2020-03-17,kumagaya,saitama,japan,NA,NA,1,0,1,0,0,0,-1,0,0,https://docs.google.com/spreadsheets/d/1jfB4muWkzKTR0daklmf8D5F0Uf_IYAgcx_-Ij9McClQ/edit#gid=0
2020-03-17,marukame,kagawa,japan,NA,NA,1,0,1,0,0,0,0,0,0,https://docs.google.com/spreadsheets/d/1jfB4muWkzKTR0daklmf8D5F0Uf_IYAgcx_-Ij9McClQ/edit#gid=0
2020-03-17,nagoya,aichi,japan,35.18145060000001,136.9065571,4,0,4,0,0,0,3,0,0,https://docs.google.com/spreadsheets/d/1jfB4muWkzKTR0daklmf8D5F0Uf_IYAgcx_-Ij9McClQ/edit#gid=0
2020-03-17,niigata,niigata,japan,37.9161244,139.0363708,2,0,2,0,0,0,-2,0,0,https://docs.google.com/spreadsheets/d/1jfB4muWkzKTR0daklmf8D5F0Uf_IYAgcx_-Ij9McClQ/edit#gid=0
2020-03-17,nishimiya,hyogo,japan,NA,NA,1,0,0,1,0,0,-1,0,0,https://docs.google.com/spreadsheets/d/1jfB4muWkzKTR0daklmf8D5F0Uf_IYAgcx_-Ij9McClQ/edit#gid=0
2020-03-17,oizumi,gunma,japan,36.248156,139.4051519,3,0,3,0,0,0,2,0,0,https://docs.google.com/spreadsheets/d/1jfB4muWkzKTR0daklmf8D5F0Uf_IYAgcx_-Ij9McClQ/edit#gid=0
2020-03-17,ota,gunma,japan,NA,NA,1,0,1,0,0,0,-2,0,0,https://docs.google.com/spreadsheets/d/1jfB4muWkzKTR0daklmf8D5F0Uf_IYAgcx_-Ij9McClQ/edit#gid=0
2020-03-17,otsu,shiga,japan,NA,NA,1,0,1,0,0,0,0,0,0,https://docs.google.com/spreadsheets/d/1jfB4muWkzKTR0daklmf8D5F0Uf_IYAgcx_-Ij9McClQ/edit#gid=0
2020-03-17,saitama,saitama,japan,35.8616486,139.6454782,1,0,1,0,0,0,0,0,0,https://docs.google.com/spreadsheets/d/1jfB4muWkzKTR0daklmf8D5F0Uf_IYAgcx_-Ij9McClQ/edit#gid=0
2020-03-17,shiki,saitama,japan,35.836195,139.5800582,1,0,1,0,0,0,0,0,0,https://docs.google.com/spreadsheets/d/1jfB4muWkzKTR0daklmf8D5F0Uf_IYAgcx_-Ij9McClQ/edit#gid=0
2020-03-17,takachiho,miyazaki,japan,NA,NA,1,0,0,1,0,0,0,0,0,https://docs.google.com/spreadsheets/d/1jfB4muWkzKTR0daklmf8D5F0Uf_IYAgcx_-Ij9McClQ/edit#gid=0
2020-03-17,yokohama,kanagawa,japan,35.4436739,139.6379639,3,0,3,0,0,0,2,0,0,https://docs.google.com/spreadsheets/d/1jfB4muWkzKTR0daklmf8D5F0Uf_IYAgcx_-Ij9McClQ/edit#gid=0
2020-03-17,NA,hyogo,japan,34.8579518,134.5453787,1,0,1,0,0,0,-2,0,0,https://docs.google.com/spreadsheets/d/1jfB4muWkzKTR0daklmf8D5F0Uf_IYAgcx_-Ij9McClQ/edit#gid=0
2020-03-17,NA,miyazaki,japan,31.9077285,131.4202196,1,0,0,1,0,0,0,0,0,https://docs.google.com/spreadsheets/d/1jfB4muWkzKTR0daklmf8D5F0Uf_IYAgcx_-Ij9McClQ/edit#gid=0
2020-03-17,NA,osaka,japan,34.6937249,135.5022535,4,0,4,0,0,0,3,0,0,https://docs.google.com/spreadsheets/d/1jfB4muWkzKTR0daklmf8D5F0Uf_IYAgcx_-Ij9McClQ/edit#gid=0
2020-03-17,NA,tokyo,japan,35.6761919,139.6503106,12,0,12,0,0,0,8,0,0,https://docs.google.com/spreadsheets/d/1jfB4muWkzKTR0daklmf8D5F0Uf_IYAgcx_-Ij9McClQ/edit#gid=0
